r,Lp,Lt,rho,p_p,p_t,p_t_minus_p_p,trace,p2_p3_abs_split,w_p,w_t,rho_fit_rms,p_p_fit_rms,p_t_fit_rms
0.25,1,0.25,-86.539916940113699,69.7848162132602,-78.162366576687049,-147.94718278994725,-1.9895196601282805e-13,7.1054273576010019e-14,-0.80638875886086003,0.90319437943043113,6.6028866905386915e-06,7.1295811980516255e-08,3.3370769641731349e-06
0.26182353070515668,1,0.26182353070515668,-72.609522275371503,57.333517507477865,-64.971519891424634,-122.3050373989025,1.1368683772161603e-13,4.2632564145606011e-14,-0.78961430554577383,0.89480715277288625,5.7451474088373542e-06,6.7828170643769682e-08,2.9064735567820399e-06
0.27420624492365647,1,0.27420624492365647,-60.970528098654853,47.043048604350155,-54.006788351502593,-101.04983695585275,-1.7053025658242404e-13,6.3948846218409017e-14,-0.77157029914897568,0.88578514957448928,4.9985959704512198e-06,6.4162567879149069e-08,2.5313651012818248e-06
0.28717458874925872,1,0.28717458874925872,-51.241487310557652,38.543488683886196,-44.89248799722202,-83.435976681108215,-1.9895196601282805e-13,2.8421709430404007e-14,-0.75219301208583,0.87609650604291689,4.3488477114015848e-06,6.0300460824914116e-08,2.2045600052420504e-06
0.30075625902052916,1,0.30075625902052916,-43.104862785399931,31.52780925209532,-37.316336018747648,-68.844145270842972,-4.2632564145606011e-14,1.4210854715202004e-14,-0.73142117187701894,0.86571058593851002,3.7833799284016542e-06,5.6245838807486211e-08,1.91979880260915e-06
0.3149802624737183,1,0.3149802624737183,-36.296282744583202,25.74121922548111,-31.018750985032234,-56.759970210513345,-1.5631940186722204e-13,2.8421709430404007e-14,-0.70919712100057097,0.85459856050028771,3.2912907119901451e-06,5.2005532264001441e-08,1.6716340158819022e-06
0.32987697769322355,1,0.32987697769322355,-30.59560580727765,20.972311689817889,-25.783958748547768,-46.756270438365661,0,1.7763568394002505e-14,-0.68546809701768652,0.84273404850884326,2.8630890627552752e-06,4.7589527125421343e-08,1.4553251044271247e-06
0.345478219991944,1,0.345478219991944,-25.819490636376653,17.045707918774792,-21.432599277575715,-38.478307196350507,1.4210854715202004e-14,7.1054273576010019e-15,-0.66018761403291881,0.83009380701645918,2.4905120677598647e-06,4.3011327348836625e-08,1.2667473531931424e-06
0.36181730936009449,1,0.36181730936009449,-21.815216557243424,13.81594563155773,-17.815581094400564,-31.631526725958295,2.8421709430404007e-14,1.0658141036401503e-14,-0.63331691415047386,0.81665845707523632,2.1663657960736281e-06,3.8288137854595839e-08,1.1023123487342542e-06
0.3789291416275995,1,0.3789291416275995,-18.455544304499032,11.162401191090154,-14.808972747794627,-25.971373938884781,-6.7501559897209518e-14,1.7763568394002505e-15,-0.60482644168717481,0.80241322084358924,1.8843867243049145e-06,3.3441068372871808e-08,9.5889886137406461e-07
0.39685026299204984,1,0.39685026299204984,-15.634441612629276,8.9850709623842189,-12.309756287506744,-21.294827249890965,7.1054273576010019e-15,1.7763568394002505e-15,-0.57469727317451547,0.78734863658725751,1.6391211632834212e-06,2.8495275742398557e-08,8.3379249601369965e-07
0.41561894807139382,1,0.41561894807139382,-13.263527926917501,7.2010665838206638,-10.232297255369161,-17.433363839189823,-1.5631940186722204e-13,3.5527136788005009e-15,-0.54292241276218445,0.77146120638109816,1.4258202233083545e-06,2.3480002569818876e-08,7.2463326935741646e-07
0.43527528164806206,1,0.43527528164806206,-11.269117084050249,5.7417034641969691,-8.5054102741236015,-14.247113738320571,1.4210854715202004e-14,3.5527136788005009e-15,-0.50950783645007047,0.75475391822503457,1.2403484378874937e-06,1.8428631491607742e-08,6.2936976914641641e-07
0.4558612442791084,1,0.4558612442791084,-9.5897572378586204,4.5500822446644555,-7.0699197412615664,-11.620001985926022,-5.6843418860808015e-14,2.6645352591003757e-15,-0.47447314168721155,0.73723657084360872,1.0791041597747594e-06,1.3379038329684922e-08,5.462192709796966e-07
0.47742080195520825,1,0.47742080195520825,-8.1741842844230153,3.5790799516123162,-5.8766321180176373,-9.4557120696299535,5.6843418860808015e-14,1.7763568394002505e-15,-0.43785163474142913,0.71892581737071104,9.3895038238605425e-07,8.3762396598989907e-09,4.7363281560993009e-07
0.5,1,0.5,-6.9796191537648946,2.7896816885419797,-4.8846504211534478,-7.6743321096954276,-2.1316282072803006e-14,3.5527136788005009e-15,-0.39968967175482495,0.69984483587741397,8.1715440893945291e-07,3.4999082623759021e-09,4.1026483647244982e-07
0.52364706141031336,1,0.52364706141031336,-5.9703510663693393,2.149595447250364,-4.0599732568098599,-6.2095687040602243,-1.5987211554602254e-14,6.2172489379008766e-15,-0.36004506658895108,0.68002253329447693,7.1133547202668937e-07,1.6707994818130383e-09,3.549465053424684e-07
0.54841248984731295,1,0.54841248984731295,-5.1165586043154381,1.6321023554096803,-3.3743304798625662,-5.0064328352722463,-1.4210854715202004e-14,3.5527136788005009e-15,-0.31898439588537553,0.6594921979426891,6.1941911211748445e-07,6.1415721869588514e-09,3.0666248207941085e-07
0.57434917749851744,1,0.57434917749851744,-4.3933285537287921,1.2151027475738376,-2.8042156506513107,-4.0193183982251481,7.9936057773011271e-15,4.8849813083506888e-15,-0.27657907500283169,0.63828953750141493,5.3959752226897044e-07,1.0558461557608e-08,2.6453055826053623e-07
0.60151251804105832,1,0.60151251804105832,-3.7798392161611116,0.88032512569235222,-2.3300821709267172,-3.2104072966190693,2.9309887850104133e-14,1.3322676295501878e-15,-0.23290015139491302,0.61645007569745258,4.702950741609974e-07,1.4739789223653258e-08,2.2778384507201375e-07
0.6299605249474366,1,0.6299605249474366,-3.2586804929109077,0.61267059676814728,-1.9356755448395295,-2.5483461416076767,-3.9968028886505635e-15,0,-0.18801186495607064,0.5940059324780359,4.1013834856217474e-07,1.8635477597339199e-08,1.9575520385353323e-07
0.6597539553864471,1,0.6597539553864471,-2.8152877105326723,0.39966993787427896,-1.6074788242034757,-2.0071487620777546,0,1.1102230246251565e-15,-0.14196415392253411,0.57098207696126702,3.5793011444248294e-07,2.2207557314509531e-08,1.6786364272972955e-07
0.690956439983888,1,0.690956439983888,-2.4374700373520288,0.23103421150599918,-1.3342521244290153,-1.5652863359350144,-2.6645352591003757e-15,4.4408920985006262e-16,-0.094784431384020471,0.5473922156920108,3.1262670288427446e-07,2.5424762633609256e-08,1.4360246740916606e-07
0.72363461872018897,1,0.72363461872018897,-2.1150175718510149,0.098282980820371763,-1.1066502763356869,-1.2049332571560587,1.2878587085651816e-14,2.2204460492503131e-16,-0.046469108402894616,0.52323455420144427,2.7331836792960645e-07,2.8262310944401851e-08,1.2252896734108173e-07
0.75785828325519911,1,0.75785828325519911,-1.8393738736573115,-0.0055632244632615804,-0.91690532459702656,-0.91134210013376493,-3.1086244689504383e-15,4.4408920985006262e-16,0.0030245207583599987,0.49848773962082088,2.3921222845060063e-07,3.0702353252726477e-08,1.0425551280672313e-07
0.79370052598409979,1,0.79370052598409979,-1.603362947007315,-0.086237364687054618,-0.75856279116013436,-0.6723254264730798,-8.4376949871511897e-15,2.2204460492503131e-16,0.053785304723435887,0.47310734763828466,2.0961743869250784e-07,3.2734401382083069e-08,8.8441856144453104e-08
0.83123789614278776,1,0.83123789614278776,-1.4009615497860111,-0.14843661026032529,-0.62626246976284838,-0.4778258595025231,-1.0880185641326534e-14,1.1102230246251565e-15,0.10595337915091113,0.44702331042454835,1.8393230180683786e-07,3.435554771382814e-08,7.4788561656275693e-08
0.87055056329612412,1,0.87055056329612412,-1.2271092505838177,-0.19599711254600202,-0.51555606901890838,-0.31955895647290633,-1.1102230246251565e-15,2.2204460492503131e-16,0.15972262653284794,0.42013868673357646,1.6163305558239179e-07,3.5570427708346576e-08,6.3031402124667678e-08
0.9117224885582168,1,0.9117224885582168,-1.077549943166775,-0.23203928860974052,-0.42275532727851739,-0.19071603866877687,-3.3306690738754696e-16,0,0.21533970660126261,0.39233014669936883,1.4226410017782255e-07,3.6390903203565407e-08,5.2936632467942526e-08
0.95484160391041661,1,0.95484160391041661,-0.94869959529906678,-0.25908894940247507,-0.34480532294829669,-0.085716373545821622,-1.6653345369377348e-15,2.7755575615628914e-16,0.27309904071456909,0.36345047964271632,1.2542947600618976e-07,3.6835474481247312e-08,4.4297008326615069e-08
1,1,1,-0.83753589299172548,-0.27917863099724255,-0.27917863099724161,9.4368957093138306e-16,-2.2204460492503131e-16,4.9960036108132044e-16,0.3333333333333342,0.33333333333333309,1.1078541109658455e-07,3.692847082950981e-08,3.6928470696751702e-08
1.0472941228206267,1,1.0472941228206267,-0.74150617231173899,-0.29393266212223002,-0.22378675509475507,0.070145907027474946,-1.1657341758564144e-15,1.6653345369377348e-16,0.39639948135004444,0.30180025932497856,9.8033796024584169e-08,3.6699045207087897e-08,3.0667381227380964e-08
1.0968249796946259,1,1.0968249796946259,-0.65845063454777242,-0.30463880398970006,-0.17690591527903698,0.12773288871066307,-1.609823385706477e-15,2.7755575615628914e-16,0.4626600507400645,0.26866997462996894,8.6916455235822117e-08,3.6180054221237946e-08,2.5368219711014001e-08
1.1486983549970349,1,1.1486983549970349,-0.58653833860170523,-0.31230871915566066,-0.13711480972302115,0.17519390943263952,2.2759572004815709e-15,3.0531133177191805e-16,0.53246087868731296,0.23376956065634158,7.7210111447791889e-08,3.5406866970028726e-08,2.0901659838794408e-08
1.2030250360821166,1,1.2030250360821166,-0.52421387550025089,-0.31772905505460486,-0.10324241022282357,0.21448664483178129,-1.1102230246251565e-15,4.163336342344337e-17,0.6061057707627443,0.1969471146186289,6.8721950889314174e-08,3.4416183648841965e-08,1.7152942266619452e-08
1.2599210498948732,1,1.2599210498948732,-0.47015296961682074,-0.32150455497633551,-0.074324207320242724,0.24718034765609279,-2.2204460492503131e-16,1.2490009027033011e-16,0.68382968045137493,0.15808515977431278,6.1285711575038685e-08,3.32449097010249e-08,1.4020480228139718e-08
1.3195079107728942,1,1.3195079107728942,-0.42322553279241543,-0.32409432350873346,-0.049565604641840677,0.27452871886689278,6.106226635438361e-16,2.2898349882893854e-16,0.76577214368514002,0.1171139281574293,5.4758231648867158e-08,3.1929145456160479e-08,1.1414642937144061e-08
1.381912879967776,1,1.381912879967776,-0.38246493205457927,-0.32584216232092544,-0.028311384866826578,0.29753077745409884,6.6613381477509392e-16,1.0061396160665481e-16,0.85195304199660971,0.074023479001694287,4.9016405562511887e-08,3.0503315562504955e-08,9.2566639165806354e-09
1.4472692374403779,1,1.4472692374403779,-0.34704242806937874,-0.32700174186054398,-0.010020343104418017,0.31698139875612596,-1.27675647831893e-15,8.3266726846886741e-17,0.94225292186801912,0.028873539065992264,4.3954498933616626e-08,2.8999474230746554e-08,7.4776480388770863e-09
1.515716566510398,1,1.515716566510398,-0.31624590706322281,-0.32775727084944334,0.0057556818931106622,0.33351295274255399,7.9450335199737765e-16,5.9847959921199845e-17,1.036400040377184,-0.018200020188593322,3.9481785488720795e-08,2.744678745414345e-08,6.0176489137750374e-09
1.5874010519681994,1,1.5874010519681994,-0.28946216941447817,-0.328240254622577,0.019389042604049535,0.34762929722662655,2.3592239273284576e-16,1.7347234759768071e-17,1.1339659869424004,-0.066982993471200541,3.5520471343788913e-08,2.5871194255500768e-08,4.8248004254593374e-09
1.6624757922855755,1,1.6624757922855755,-0.26616215783243552,-0.32854288305610435,0.031190362611834326,0.35973324566793868,-1.8041124150158794e-16,1.3530843112619095e-16,1.2343711282313135,-0.11718556411565638,3.2003877869572795e-08,2.4295232112389792e-08,3.8544937207622925e-09
1.741101126592248,1,1.741101126592248,-0.24588861035364301,-0.32872854900348975,0.041419969324923617,0.37014851832841333,4.9960036108132044e-16,5.5511151231257827e-17,1.3369002676891146,-0.16845013384455834,2.8874854238618722e-08,2.2738010029012567e-08,3.0685997526421913e-09
1.8234449771164334,1,1.8234449771164334,-0.2282457108250516,-0.32883996142716349,0.05029712530105581,0.37913708672821927,-2.6367796834847468e-16,1.3877787807814457e-17,1.4407278903007141,-0.22036394515035654,2.6084398415312402e-08,2.1215300202052832e-08,2.4347311296024555e-09
1.9096832078208328,1,1.9096832078208328,-0.21289038405744529,-0.32890527917856821,0.058007447560560324,0.38691272673912852,-2.2759572004815709e-15,6.9388939039072284e-18,1.5449513167763276,-0.27247565838815851,2.359046171265518e-08,1.9739725328953002e-08,1.9255522161360042e-09
1.9999999999999998,1,1.9999999999999998,-0.19952494597532491,-0.32894264955848623,0.064708851791581035,0.39365150135006727,7.4940054162198066e-16,1.3877787807814457e-17,1.648629187445896,-0.32431459372294996,2.135691832502399e-08,1.8321015801499795e-08,1.5181358444206521e-09
2.094588245641253,1,2.094588245641253,-0.18789087217038392,-0.32896349031151639,0.070536309070565933,0.39949979938208235,-6.106226635438361e-16,1.3877787807814457e-17,1.750822094291012,-0.37541104714550438,1.935268050928595e-08,1.6966305283510218e-08,1.193370901548245e-09
2.1936499593892518,1,2.1936499593892518,-0.17776349245471629,-0.32897480588117195,0.075605656713227942,0.40458046259439989,2.2204460492503131e-16,1.3877787807814457e-17,1.8506319905082615,-0.42531599525413144,1.7550941164303475e-08,1.5680454504619661e-08,9.3542377342551053e-10
2.2973967099940702,1,2.2973967099940702,-0.16894745540010025,-0.32898078061516023,0.08001666260753007,0.40899744322269027,1.6653345369377348e-16,1.3877787807814457e-17,1.9472372628286712,-0.47361863141433608,1.5928528882849691e-08,1.4466375540376874e-08,7.312533588159742e-10
2.4060500721642337,1,2.4060500721642337,-0.16127283648628363,-0.32898384536715758,0.083855504440436712,0.41283934980759429,-5.2735593669694936e-16,1.3877787807814457e-17,2.0399209968328291,-0.51996049841641301,1.4465360423700392e-08,1.3325346544306665e-08,5.7017871312965949e-10
2.5198420997897464,1,2.5198420997897464,-0.15459178736436499,-0.32898537153005913,0.087196792082847752,0.41618216361290689,1.3600232051658168e-15,1.3877787807814457e-17,2.1280908717010778,-0.56404543585054323,1.3143976839767576e-08,1.2257309193931872e-08,4.4349976406891744e-10
2.639015821545788,1,2.639015821545788,-0.14877564281453698,-0.32898610936108136,0.090105233273272189,0.41909134263435355,0,1.3877787807814457e-17,2.2112901220745784,-0.60564506103728921,1.1949152159372955e-08,1.1261138368481855e-08,3.4416670971127657e-10
2.7638257599355525,1,2.7638257599355525,-0.14371241710840518,-0.32898645628483342,0.092637019588213909,0.42162347587304733,-4.163336342344337e-16,1.3877787807814457e-17,2.2891999376551593,-0.64459996882757831,1.0867563979061331e-08,1.0334880793605829e-08,2.6649461058468573e-10
2.8945384748807554,1,2.8945384748807554,-0.13930463344928068,-0.32898661583019112,0.094840991190455304,0.42382760702064642,1.6653345369377348e-16,0,2.3616344100282323,-0.68081720501411669,9.8875155814392566e-09,9.475965282980579e-09,2.0592115358450049e-10
3.0314331330207964,1,3.0314331330207964,-0.13546743962802407,-0.32898668860664493,0.096759624489310497,0.42574631309595545,1.3877787807814457e-16,1.3877787807814457e-17,2.4285296120602817,-0.71426480603014131,8.998703375428828e-09,8.6813801643654386e-09,1.5880053191370935e-10
3.1748021039363983,1,3.1748021039363983,-0.13212697055524816,-0.32898672254416322,0.098429875994457447,0.42741659853862068,-1.6653345369377348e-16,0,2.4899285979360228,-0.74496429896801075,8.1920206757916278e-09,7.9478206751853197e-09,1.2223164423755026e-10
3.3249515845711515,1,3.3249515845711515,-0.12921892436368163,-0.32898673961529162,0.099883907625805166,0.4288706472410968,3.3306690738754696e-16,2.7755575615628914e-17,2.5459640779037231,-0.77298203895186279,7.4593927179937313e-09,7.2718113942640575e-09,9.3915134330717827e-11
3.4822022531844956,1,3.4822022531844956,-0.12668732366973939,-0.32898674950148626,0.10114971291587307,0.43013646241735937,-7.2164496600635175e-16,0,2.5968403149720038,-0.79842015748599915,6.7936381287335661e-09,6.6498027526685136e-09,7.2035054948062789e-11
3.6468899542328672,1,3.6468899542328672,-0.12448343760903717,-0.32898675630151997,0.10225165934624096,0.43123841564776094,-8.6042284408449632e-16,0,2.6428154830907111,-0.82140774154535201,6.1883520134667298e-09,6.0782489103243819e-09,5.5162068806088546e-11
3.8193664156416651,1,3.8193664156416651,-0.12256484361603215,-0.32898676168627222,0.10321095903511983,0.43219772072139206,-4.163336342344337e-16,0,2.6841853828567115,-0.84209269142835408,5.6378065423925408e-09,5.553663980023671e-09,4.2175036466000684e-11
4,1,4,-0.12089461074898639,-0.32898676631730139,0.10404607778415742,0.43303284410145881,-1.6653345369377348e-16,0,2.7212690812196501,-0.86063454060982425,5.1368672276715694e-09,5.0726678299898808e-09,3.2196940654590154e-11
