r_kpc,gN,g_deep,g_aqual
5.000000000000000278e-02,2.142415921098808667e+03,2.815482002795541121e+03,3.247682714203440810e+03
5.534363025843912903e-02,2.369385548413438300e+03,2.960865841123119935e+03,3.465853391027157159e+03
6.125834820365639449e-02,2.619905469570438072e+03,3.113462740649166790e+03,3.703403637576644996e+03
6.780518746451753842e-02,2.896243738951538035e+03,3.273545758672190914e+03,3.962541956519029554e+03
7.505170449280822165e-02,3.200824013742353600e+03,3.441373105440139170e+03,4.245714871992107874e+03
8.307267567431227129e-02,3.536212461918859844e+03,3.617179302868435570e+03,4.555605744947228231e+03
9.195086894196734251e-02,3.905093452210986470e+03,3.801163739327819258e+03,4.895119367160896218e+03
1.017778978533287054e-01,4.310229818087621425e+03,3.993475970495402635e+03,5.267346527756424621e+03
1.126551669455161941e-01,4.754402270260173282e+03,4.194196991077391431e+03,5.675501636866794797e+03
1.246949181227076514e-01,5.240321093421786827e+03,4.403315574162339544e+03,6.122825483252160666e+03
1.380213888737894523e-01,5.770501649399970120e+03,4.620698659594660057e+03,6.612444367457480439e+03
1.527720942717449293e-01,6.347093547865749315e+03,4.846054697081252925e+03,7.147176239626417555e+03
1.690992459836571649e-01,6.971651899290705842e+03,5.078888857552959962e+03,7.729274149356286216e+03
1.871713229340074280e-01,7.644838305326661612e+03,5.318449184650413372e+03,8.360097480515729330e+03
2.071748098288522799e-01,8.366039947164035766e+03,5.563663164184809830e+03,9.039702605199252503e+03
2.293161214806088144e-01,9.132898487522021242e+03,5.813064975022340150e+03,9.766347778245908557e+03
2.538237327904425134e-01,9.940748166615687296e+03,6.064715015273020981e+03,1.053591400085288660e+04
2.809505363674221212e-01,1.078197653513634395e+04,6.316115355185057524e+03,1.134125651304288294e+04
3.109764521125752967e-01,1.164534394100720601e+04,6.564127709126831178e+03,1.217152305380325743e+04
3.442113156959913378e-01,1.251533074207900972e+04,6.804904389166120382e+03,1.301150691014629047e+04
3.809980757329962109e-01,1.337162373238394684e+04,7.033847297874797732e+03,1.384114470741073819e+04
4.217163326508747145e-01,1.418890062211030636e+04,7.245614694545117345e+03,1.463531607119080763e+04
4.667862557634985810e-01,1.493711189275294419e+04,7.434198948318903604e+03,1.536414291556034186e+04
5.166729189739251993e-01,1.558247268918508962e+04,7.593098771251749895e+03,1.599399976555401008e+04
5.718910998448279992e-01,1.608933646423356367e+04,7.715603989167937470e+03,1.648940590832834278e+04
6.330105915580852560e-01,1.642300095083111592e+04,7.795197464982855308e+03,1.681584925343105715e+04
7.006620825773300920e-01,1.655328704610657587e+04,7.826056610490007188e+03,1.694338181372956387e+04
7.755436646853537397e-01,1.645846094591320434e+04,7.803608492221970664e+03,1.685055620499582437e+04
8.584280365524223910e-01,1.612881703030455537e+04,7.725064595984091284e+03,1.652801907846742324e+04
9.501704771687028428e-01,1.556911685570111695e+04,7.589844027784374703e+03,1.598095413285375253e+04
1.051717671418186839e+00,1.479918952183238980e+04,7.399797377684056300e+03,1.522967557793991182e+04
1.164117478864694410e+00,1.385236450240255908e+04,7.159172344544407679e+03,1.430803651496343809e+04
1.288529746553479738e+00,1.277193503171039993e+04,6.874311574065324749e+03,1.325984129512038817e+04
1.426238277405121435e+00,1.160635003100670656e+04,6.553128650860198832e+03,1.213394935347068349e+04
1.578664077702843782e+00,1.040411394455404115e+04,6.204451756186838793e+03,1.097904135636997125e+04
1.747380020373319409e+00,9.209343267183519856e+03,5.837342724954482037e+03,9.838997238762702182e+03
1.934127075370496662e+00,8.058632945998467221e+03,5.460489163087344423e+03,8.749560726728239388e+03
2.140832274642820110e+00,6.979471807818025809e+03,5.081736483617258273e+03,7.736581772251852271e+03
2.369628597063308195e+00,5.990072902014403553e+03,4.707788200148058422e+03,6.815782923980100350e+03
2.622876978513911883e+00,5.100252041372661552e+03,4.344068663485747493e+03,5.993761445307251051e+03
2.903190674244918945e+00,4.312914959232414731e+03,3.994719683427103064e+03,5.269813006594388753e+03
3.213462224903188336e+00,3.625761161752186581e+03,3.662692493027921500e+03,4.638118998030658986e+03
3.556893304490064800e+00,3.032921087126813291e+03,3.349896718164488448e+03,4.089873593518444977e+03
3.937027758248316189e+00,2.526361589480489783e+03,3.057374344282658058e+03,3.615041614123506406e+03
4.357788171394126664e+00,2.096992728217051081e+03,2.785475380326146023e+03,3.203603716738513867e+03
4.823516346044722347e+00,1.735475547126633046e+03,2.534020426983283414e+03,2.846299821364764739e+03
5.339018104020727407e+00,1.432767744398435070e+03,2.302442323767136259e+03,2.534976071511804548e+03
5.909612877840717537e+00,1.180459198454607531e+03,2.089904072985659241e+03,2.262667573198968057e+03
6.541188601634542188e+00,9.709503721855560343e+02,1.895393462341409759e+03,2.023531811145189067e+03
7.240262468391573059e+00,7.975203241682585258e+02,1.717796611774093662e+03,1.812713990136343682e+03
8.014048180494341977e+00,6.543219497978298023e+02,1.555953474321122030e+03,1.626193582987414175e+03
8.870530387491914581e+00,5.363328191682047645e+02,1.408698488294197659e+03,1.460637920425030870e+03
9.818547079232027741e+00,4.392818753282235207e+02,1.274889382932663239e+03,1.313273952110110258e+03
1.086788078456188522e+01,3.595657600773599256e+02,1.153426769364328493e+03,1.181781144539573006e+03
1.202935951667176973e+01,2.941636353546014107e+02,1.043266720839893878e+03,1.064204485790072113e+03
1.331496850673037002e+01,2.405558466952031438e+02,9.434281280374523249e+02,9.588849491871768578e+02
1.473797387878494192e+01,1.966493476283807240e+02,8.529962404518607855e+02,8.644043826186489241e+02
1.631305954212015763e+01,1.607111976738088117e+02,7.711234864748269047e+02,7.795419752988303799e+02
1.805647871366000956e+01,1.313104313171937463e+02,6.970284039216887777e+02,7.032398557894430269e+02
1.998622163396352747e+01,1.072679902384969921e+02,6.299933046330245361e+02,6.345758196564946729e+02
2.212220120746587071e+01,8.761408133406038701e+01,5.693611340230587530e+02,5.727415952232809104e+02
2.448645848257573832e+01,7.155217194009193804e+01,5.145318611887315683e+02,5.170254040592626552e+02
2.710339009196584570e+01,5.842879377534074337e+01,4.649586400624906446e+02,4.667978553242939483e+02
3.000000000000000000e+01,4.770835288430316012e+01,4.201439106686204354e+02,4.215004360933687622e+02
