Claim,Original version/source,Current status,Evidence or calculation,Dependencies,Required manuscript action,Research gate
"Vacuum is an active finite-density condensate","Recurring V2-V9 ontology","Conditional","Adopted physical postulate; UVIR-002 retains the condensate as the density and topology sector but no unique microscopic force completion exists","UVIR-003 two-sector action","Retain explicitly as a postulate","CRA-001; UVIR-003"
"Spatial topology is compact T3","Recurring core topology","Conditional","Adopted global boundary condition; observational scale not established","Topology scale and moduli","Retain as a declared postulate, not an inferred fact","CRA-001; TOP-001"
"a0 = c H0/(2 pi)","Dynamic Scale Matching","Conditional","Follows after adopting the scale-matching postulate; not independently derived from the condensate","Definition of H0 branch and scale matching","Retain with its postulate named every time","COS-001"
"Low-acceleration square-root response","Weak-field research gate","Conditional","A bottom-up Y^(3/2) IR action yields the response in high symmetry; UVIR-003 Stage A validates only necessary decoupling-limit conditions for the selected route","Full UVIR-003 stability; matter normalization; disk geometry","Retain as a conditional local EFT result","UVIR-003; MAT-001; DISK-001"
"Pure-sextic canonical condensate yields timelike P(Z) proportional to (Z-m^2)^(3/2)","UVIR-001","Derived","Tree-level radial integration gives the power law on the stable Z>m^2 branch","Declared canonical kinetic term and controlled derivative expansion","Retain only as an intermediate equation-of-state result","UVIR-001"
"Canonical mass-quartic-sextic condensate yields the required spatial Y^(3/2) operator","UVIR-001","Rejected","P_Z=rho0^2/2 is nonzero on every stable finite-density branch, forcing a leading quadratic static term; the radial scale vanishes at the branch endpoint","Selected two-sector preferred-frame route","Do not present the timelike P(Z) result as the spatial weak-field derivation","UVIR-001; UVIR-003"
"Nonrelativistic single-field X<0 branch is a stable microscopic origin of the spatial cubic","UVIR-002","Rejected","The static branch gives q^3 exactly but P_XX=-3 kappa/(4 sqrt(-X)) is negative, so the quadratic time kinetic term is ghostlike","Additional fields or finite-temperature operators would define a different route","Do not restore the standalone X sqrt(abs(X)) action as a stable completion","UVIR-002"
"Splitting density and force mediation between two fields solves UV/IR matching","UVIR-002","Open","Role separation avoids the one-field equilibrium conflict but does not derive the cubic operator, its regulator, or its coefficient","Full preferred-frame action and stability analysis","Retain only as a provisional architectural choice","UVIR-003"
"Preferred-frame Q and Y invariants permit independent healthy time kinetics and spatial cubic response","UVIR-002; UVIR-003 Stage A","Conditional","The nonzero-gradient spatial Hessian is positive for A>0 and an independent Q kinetic term can be positive; Stage A supplies a conditional k4 zero-gradient regulator","Full coupled constraints, cutoff, strong coupling and operator naturalness","Use as the selected force-sector route, not as completed microphysics","UVIR-003"
"Two-sector preferred-frame force EFT is the canonical microscopic completion","UVIR-002; UVIR-003 Stage A","Open","Provisionally selected and now assigned a Stage-A action, but no reduced coupled Hamiltonian, coefficient map or all-background stability proof exists","Complete UVIR-003 constraint and mode analysis","Do not call the route canonical or begin MAT-001 until UVIR-003 passes","UVIR-003"
"Preferred frame can be both algebraically derived from J_Phi and independently dynamical","Initial UVIR-003 template","Rejected","Imposing U=J/sqrt(-J^2) while varying an independent Einstein-aether U double-counts the frame unless a constrained parent action is supplied","Choose a derived or independent formulation","Do not mix the two formulations","UVIR-003"
"Independent U aligned with the condensate current is the working ITSM frame architecture","UVIR-003 Stage A","Conditional","For zeta>0 the alignment energy is proportional to |j_i-n u_i|^2, but the coupled relative mode has not been reduced","Full metric-aether-condensate constraint analysis","Use only as the Stage-A working action","UVIR-003"
"Projected k4 regulator supplies a positive zero-gradient force dispersion","UVIR-003 Stage A","Derived","In flat space with constant U, K_Q>0 and gamma>0 give omega^2=gamma k^4/(K_Q M_*^2)","Declared decoupling limit","Retain as a necessary Stage-A result","UVIR-003"
"Projected k4 regulator resolves the full strong-coupling problem","UVIR-003 Stage A","Open","Scordatura provides precedent in a different analytic scalar-tensor EFT; no coupled ITSM power counting or strong-coupling scale has been derived","Reduced Hamiltonian and power counting","Do not describe the regulator as a completed cure","UVIR-003"
"Present Born-Infeld action directly yields square-root force","v8-v11 Born-Infeld closure","Rejected","Its kinetic derivative tends to a nonzero constant at small X and gives a linear leading response","None","Remove as a derivation; at most reassign a separately justified UV role","UVIR-001"
"C_proj = 2/3 is the observable local coupling","Trace-ratio construction","Conditional","The invariant force coefficient is C_obs=C_m^(3/2)/sqrt(C_IR); the trace ratio does not fix both normalizations","Microscopic matter-phonon matching","Describe 2/3 as a tree-level matching hypothesis in the convention C_m=C_IR","MAT-001"
"BTFR coefficient is exactly 4/9","Algebraic spherical law","Conditional","Follows only if C_local = 2/3 and the asymptotic high-symmetry branch applies","MAT-001; DISK-001","Retain only as a conditional tree-level consequence","MAT-001; DISK-001"
"4/9 is a strict lower bound that flows to unity","v11 RG argument","Rejected","Written beta function flows toward zero in the IR, not unity","Actual loop or many-body calculation","Remove lower-bound and RG claims","MAT-001"
"Periodic local source uses density contrast","Toroidal weak-field correction","Derived","Integral of a periodic divergence vanishes, requiring a zero-mean source","Declared T3 boundary conditions","Retain in the canonical local/global split","DISK-001"
"Pointwise algebraic law is exact for finite disks","SPARC algebraic implementation","Rejected","Equal divergence does not imply equal vector fields; a solenoidal contribution is generally present","Periodic nonlinear disk solution","Label historical fits as an approximation","DISK-001"
"Matter-plenum exchange is Q_mp^nu","Weak-field/open-system reconstruction","Open","Candidate action-level forms exist but microscopic interaction is not fixed","Matter coupling action","Introduce as a distinct current and derive it","MAT-001"
"Reservoir-plenum throughput is Q_syn^nu","Early open-system architecture","Open","Required for a genuinely open observable subsystem; current functional form is phenomenological","Reservoir sector action","Separate from Q_mp and avoid a fixed redshift law","CRA-001; COS-001"
"Total stress-energy can have nonzero divergence","Early open-system wording","Rejected","Contracted Bianchi identity requires conservation of the complete declared system","Explicit reservoir sector","Replace with sector exchange equations whose sum vanishes","CRA-001"
"Wake has causal memory and independent dynamics","Early wake architecture","Open","Conceptually recurrent but no validated hyperbolic or relaxation action exists","Wake field and energy accounting","Retain as a research sector, not an explanation already achieved","WAK-001"
"High-acceleration branch automatically satisfies Solar-System bounds","Born-Infeld saturation argument","Rejected","Relative suppression is not a PPN calculation and the matter force is not demonstrably screened","Screening and relativistic physical metric","Withdraw compliance claim","SCR-001; LEN-001"
"Gravitational lensing follows from the local scalar force","Implicit galactic closure","Rejected","A purely conformal massive-matter coupling does not automatically change null trajectories","Relativistic metric potentials","Withdraw until a lensing solution exists","LEN-001"
"Rectangular T3 produces anisotropic Casimir pressure","CBR-001 Stages 1-2","Derived","Validated lattice energy and directional pressure calculation with convergence, trace and derivative checks","Periodic free scalar and rectangular moduli","Retain as a checked mechanism with stated field content","CBR-001"
"Free Casimir stress can transiently reach Ht/Hp = 13/12","CBR-001 Stage 3B","Derived","Bracketed numerical thresholds produce brief crossings for five tested initial shapes","Tested de Sitter/free-field model","Retain as a bounded negative/diagnostic result","CBR-001"
"Persistent Ht/Hp = 13/12 is a free-field attractor","Cycle-counting and Casimir claim","Rejected","Stage 3B finds no plateau or attractor; valid trajectories return to unity","A separately derived driven stress sector","Withdraw as a prediction","CBR-001; CBR-002"
"13/12 follows universally from cycle counting","v11 zeta/Ramanujan argument","Rejected","Directional pressure depends on the full lattice, moduli, field content and boundary conditions","Shape-dependent stress and backreaction","Remove the cycle-counting derivation","CBR-001"
"H0 = 72.97 is a parameter-free prediction","13/12 times Planck anchor","Rejected","It is conditional arithmetic based on an unsupported persistent ratio and observational anchor assignment","Derived anisotropic cosmology and survey windows","Withdraw as a canonical prediction","CBR-002; COS-001"
"Driven plenum may maintain anisotropic stress","Recovered active-system architecture","Open","Free Casimir decay shows what extra source would be required; no constitutive conversion is derived","Reservoir, shape and memory sectors","State as the CBR-002 hypothesis without targeting 13/12 by hand","TOP-001; WAK-001; CBR-002"
"SPARC p = 0.62 validates the model","Historical Monte Carlo claim","Rejected","Cited program produced binned envelopes and did not compute a dataset-level p-value","Matched-pipeline bootstrap","Remove the number and associated fit-quality claims","STAT-001"
"SPARC independently measures cosmic H0","Historical hierarchical inference","Rejected","Rotation curves constrain a0 conditional on a0=cH0/(2 pi); posteriors were broad or boundary-driven","Coherent joint likelihood","Describe only as model-conditioned normalization","STAT-001; COS-001"
"Current C=2/3 algebraic implementation is empirically established","SPARC fits","Open","Controls near C=1 can fit better, but nuisance boundaries and disk approximation prevent a clean coefficient test","DISK-001 and locked likelihood","Report tension without declaring microscopic rejection","DISK-001; MAT-001"
"NANOGrav [1.08,pi] nHz is a derived topological prediction","v11 prediction","Rejected","No condensate eigenmode calculation derives centroid, width or amplitude","Vortex/topological spectrum and PTA response","Remove fixed interval as a prediction","VOR-001; PERT-001"
"Bottom-light IMF follows from plenum Jeans physics","v11 Jeans bridge","Rejected","Displayed density dimensions and Jeans-length sign are incorrect","New star-formation model if pursued","Remove the derivation; retain optimizer behavior only as a diagnostic","ASTRO-001"
"Bullet Cluster lensing offset is quantitatively reproduced","Illustrative wake simulation","Rejected","Static galactic closure and toy fluid separation do not compute a relativistic lensing centroid","Wake dynamics, lensing and 3D collision simulation","Reclassify as an illustrative hypothesis","WAK-001; LEN-001; CLU-001"
"a0(z)=cH(z)/(2 pi) predicts high-z BTFR evolution","Historical dynamic scaling prediction","Rejected","Prior project test found insufficient magnitude and problematic trend","A genuinely new derivation","Keep in rejected register","COS-001"
"One fiducial ITSM cosmological background exists","Mixed v11 analyses","Open","Different n and w branches were combined across diagnostics","Single action-derived background fit","Declare one background before CMB, growth or age tests","COS-001"
"Current perturbation equations establish CMB and S8 predictions","Patched CAMB/CLASS diagnostics","Open","Calculations use effective mappings and sometimes inconsistent backgrounds","Action-derived perturbations and one fiducial background","Present only as diagnostics","COS-001; PERT-001"
"ITSM is globally parameter-free","Abstract and synthesis claims","Rejected","The framework contains postulates, fitted cosmological quantities, nuisance parameters and unmatched Wilson coefficients","Closed gates and explicit parameter inventory","Replace with narrowly scoped statements about absent halo parameters","CRA-002"
"UVIR-003 Stage-A regulated force dispersion is subluminal","Implicit in Stage-A PASS","Open","Long-wavelength v_ph^2=3Aq(1+cos^2 theta)/K_Q exceeds 1 once q>K_Q/(3A(1+cos^2 theta)), independent of the regulator; short-wavelength v_ph and v_g diverge as k->infinity for every positive K_Q,A,gamma. A has a tentative value via A=C_IR/(12 pi G a0); K_Q has no matching condition anywhere in the architecture","Derive or estimate K_Q via a matching mechanism (no candidate exists yet, unlike C_IR/A); derive strong-coupling scale (Stage B item 9); covariant foliation-causality check on vortical U backgrounds","Do not describe Stage A's regulator as subluminal or causally closed until a K_Q matching condition exists, q_x(theta) is evaluated against background q, and k_light is checked against the strong-coupling scale","UVIR-003"
"Stage-A decoupled frame speeds (c1/c14, c123/c14) are the full coupled aether-metric mode speeds","UVIR-003 Stage A (implicit)","Conditional","The EJM literature substitution has an identity operator-label/sign map but not an automatic identity normalization: the published coefficients are alpha_i=(M_U^2/M_P^2)c_i. The Stage-A ratios are recovered only as r_U=M_U^2/M_P^2 tends to zero; the exact spin-0/1/2 formulas use alpha_i, and bare alpha_i=c_i requires M_U=M_P","Declare or retain symbolic r_U; independent ITSM-side linearized-Einstein-equation derivation; force and condensate coupling into the same SVT decomposition; accelerating or vortical backgrounds","Use alpha_i in the exact EJM speeds and positivity conditions; use the bare c_i formulas only after explicitly setting M_U=M_P; do not present the substitution as an independent ITSM-side derivation","UVIR-003"
"Force-sector physical EFT cutoff is derived","UVIR-003 Stage A 'not established' list; Stage B item 9","Open","A longitudinal, k^2-regime-only, time-normalized NDA derivative scale gives Lambda_NDA,long^(IR)~K_Q^(3/4)/sqrt(A); it is not the physical cutoff. Transverse normalization, the k^4-dominated Lifshitz regime, and loop or unitarity analysis remain open; numeric evaluation is blocked on K_Q","Derive K_Q; extend the analysis to transverse directions and the Lifshitz regime; establish Lambda_EFT and compare it against k_light from the causality addendum","Do not describe a physical strong-coupling cutoff as established; cite only the restricted longitudinal IR NDA formula with its scope","UVIR-003"
"K_Q ~ M_P^2 (i.e. q_cross ~ a0) is a matching relation","Speculative dimensional analogy (2026-07-24)","Open","Constructed by analogy to A=C_IR/(12 pi G a0) (same M_P^2 a0^2 dimensional-necessity prefactor applied to the a0-normalized Q=U.nabla(psi)/a0 from UVIR-002); introduced only by the conditional-estimate gate note and not derived from the action or prior architecture; with k_Q~1, C_IR~2/3 gives q_cross~0.375-0.75*a0, i.e. at or below the theory's own core physical regime","An actual derivation of K_Q (most likely alongside C_IR in MAT-001's eventual matching program); confirmation or rejection of the M_P^2 a0^2 prefactor hypothesis for the temporal sector","Do not cite the q_cross~0.375-0.75*a0 numbers as a property of ITSM; cite only as the reason K_Q's derivation is urgent, not routine bookkeeping","UVIR-003"
"The zero-gradient force scalar remains coupled to lapse, shift, frame or condensate perturbations at quadratic order","UVIR-003 Stage B zero-gradient force-block audit","Rejected within the declared Stage-A truncation","With constant psi_bar, Q^2 contributes only K_Q dot(pi)^2, Y^(3/2) begins at cubic perturbative order, and the projected regulator contributes only gamma(Delta pi)^2/M_*^2 at quadratic order. The force block factorizes and has one nonnegative z=2 scalar for K_Q>0 and gamma>0","No additional quadratic mixing operators; restricted constant-frame regulator; remaining g-U-Phi block still unresolved","Retain as a bounded Stage-B result; do not describe it as a reduction of the remaining metric-frame-condensate system","UVIR-003"
"A standalone numerical K_Q can be derived from the declared bottom-up force EFT","UVIR-003 Stage B field-rescaling audit","Rejected","Under psi_c=s psi, K_Q->K_Q/s^2, A->A/s^3, gamma->gamma/s^2 and C_m->C_m/s. K_Q alone is not identifiable, while gamma/K_Q, A/K_Q^(3/2), C_m/sqrt(K_Q) and Aq/K_Q are invariant","A parent microscopic matching calculation or MAT-001 must fix the physical field normalization and select invariant coefficient combinations","UVIR-003 should derive a stable parameter domain in invariant ratios; do not require or quote a standalone K_Q before matching","UVIR-003; MAT-001"
"The declared Minkowski finite-density background is ready for coupled scalar ADM constraint elimination","UVIR-003 Stage-A Section 8 background","Rejected for the declared background","For s=rho0^2>0 and Theta=mu t, the condensate has rho_Phi+p_Phi=s*mu^2>0. A constant vacuum-energy subtraction leaves this sum unchanged, so Minkowski cannot satisfy both background Einstein equations. Any support sector must carry rho_R+p_R=-s*mu^2 and is not equivalent to a cosmological constant","A covariant reservoir or driver action and its scalar perturbations; alternatively a controlled rigid-support approximation or a consistent cosmological background with a declared scale hierarchy","Do not eliminate lapse and shift on the off-shell background. Mark the scalar ADM reduction blocked at readiness until the supporting background and its constraint response are specified","UVIR-003"
"An unspecified minimal reservoir can provide healthy exact-Minkowski support for the finite-density condensate","UVIR-003 Stage-B background-completion screen","Rejected","Vacuum energy and the ghost-condensate point have zero enthalpy. A homogeneous two-derivative P(X) scalar needs P_X<0 to supply rho_R+p_R=-s*mu^2, while its healthy spatial-gradient condition requires P_X>0. Rigid stress has no action-derived lapse or shift response","Either derive and gate a new higher-derivative NEC-violating support theory or construct an on-shell evolving cosmological background","Use a self-consistent evolving flat-FRW background for the next UVIR-003 calculation; do not treat Q_syn^nu as a condensate-charge source without deriving a distinct S_N relation","UVIR-003; COS-001; PERT-001"
"The selected evolving flat-FRW route has an on-shell ITSM background branch","UVIR-003 Stage-B FRW background","Derived for a representative dimensionless branch","The comoving aether gives M_cos^2=M_P^2+(M_U^2/2)(c1+3c2+c3); alignment and constant-force background terms vanish; a^3*rho^2*mu is conserved. A DOP853 branch remains regular and expanding with max relative Friedmann residual 2.13e-10, charge drift 2.22e-16 and continuity residual 1.90e-15","Full scalar perturbation constraint reduction; physical parameter selection; COS-001 fit; PERT-001 low-k system","Present only as an on-shell existence result. Begin scalar ADM work on the evolving branch; do not call the dimensionless point a fiducial cosmology or stability proof","UVIR-003; COS-001; PERT-001"
"The scalar ADM principal block is positive at the representative evolving-branch point in its controlled subhorizon domain","UVIR-003 Stage-B scalar ADM principal-symbol reduction","Derived only in the controlled subhorizon principal limit","In aether-unitary scalar gauge, lapse and scalar shift elimination gives K_R=2 M_P^2 F(1-alpha13)/alpha123 and G_R=M_P^2(2-alpha14)/alpha14, reproducing the published spin-0 speed. The representative point has K_R=39.94375, G_R=52.33333 and s0^2=1.31018. The condensate determinant introduces q_ADM^2=(rho_dot^2+rho^2 mu^2)/(M_U^2 c14)","Full time-dependent finite-q action; strict q->0 audit; physical alignment and aether coefficients; multicone global-causality test; cutoff comparison","Present as a passed principal-symbol subgate only. Do not call UVIR-003 closed or infer full perturbative stability; require q_phys well above H and q_ADM","UVIR-003; PERT-001"
"The complete quadratic scalar ADM system is regular through the strict low-wavenumber endpoint","UVIR-003 Stage-B time-dependent finite-q scalar ADM reduction","Finite-q pass; strict low-q endpoint resolved as gauge orbit","The exact lapse-momentum constraint elimination gives det(K_red)=2 M_cos^2 rho^2 (2 M_cos^2-3 D_123) C_14 q_phys^2/[C_14 D_123 q_phys^2-2 D_123 V+4 M_cos^4 H^2]. Across 48,861 representative samples at 10^-3<=q_phys/H<=10^3 the kinetic inertia is 3 positive and 0 negative and the constraints remain nonsingular, but rank(K_red)=2 at q_phys=0","Complete constrained scalar 2-to-2 amplitude; physical eigenmode projection; unitarity cutoff; matter/reservoir response; vector/tensor completion","Present finite-q constraint elimination as passed and the q->0 rank loss as a resolved gauge endpoint. Do not infer a physical cutoff from the gauge orbit or call UVIR-003 closed before the constrained 2-to-2 calculation","UVIR-003; PERT-001"
"The strict q=0 kinetic-rank loss is a physical scalar strong-coupling signal","UVIR-003 Stage-B low-q gauge-orbit and bounded cubic audits","Rejected for the homogeneous endpoint","The exact null vector is (H,rho_dot,mu), tangent to homogeneous time translation. Two gauge-invariant matter combinations have inertia 2 positive and 0 negative across all 801 representative trajectory points, and the smallest finite-q eigenvector converges to the same orbit","Complete cosmological cubic vertex on first-order constraints; quartic contact and 2-to-2 amplitude; physical eigenmode projection; vector and tensor completion","Treat the q=0 rank loss as gauge. Cite the complete 3D flat-decoupling cubic basis and constraint-order identity only as readiness results; require the constrained 2-to-2 amplitude for a physical cutoff","UVIR-003; PERT-001"
"The non-collinear cubic khronon vertex alone determines the physical strong-coupling scale","UVIR-003 Stage-B three-dimensional khronon cubic audit","Rejected","The full 3D flat-decoupling cubic operator basis is derived, but linear on-shell three-point energy-momentum conservation forces collinearity. The representative q_NDA=0.125778823734 is operator-basis dependent and omits metric-condensate mixing","Complete constrained scalar 2-to-2 amplitude with cubic exchange, quartic contact, physical eigenmode projection and a unitarity criterion","Use the 3D vertex and constraint-order identity as readiness results only. Do not quote the basis NDA value as the physical cutoff or a theory rejection","UVIR-003; PERT-001"
"The flat-decoupling quartic contact term determines the physical scalar cutoff","UVIR-003 Stage-B three-dimensional quartic and 2-to-2 readiness audit","Rejected as a standalone cutoff","The 96-monomial quartic basis gives a finite elastic contact coefficient and exactly vanishing t/u cubic exchange, but the COM s channel is the non-invertible homogeneous khronon gauge orbit","Full evolving-FRW quartic action with second-order constraint Schur complement; gauge-regular s channel; physical scalar eigenmodes; unitarity normalization","Use the contact formula and exchange identities only as readiness results. Do not invert or drop the homogeneous channel and do not quote a physical cutoff","UVIR-003; PERT-001"
"The nonlinear ADM parent block reproduces the verified quadratic scalar system","UVIR-003 Stage-B nonlinear ADM action-provenance audit","Derived for the g+U+Phi+alignment block only","The exact aether-unitary ADM parent block reproduces the FRW minisuperspace, finite-q lapse/shift constraint matrix, J1 source and alignment phase stiffness; Track A subsequently completes Delta_U and derives the homogeneous force-sector J2 component","Explicit cubic g+U+Phi+alignment J2 expansion; assembly with the force component; quartic Schur complement; physical amplitude","Present the parent-block provenance as passed. Do not claim the complete cosmological J2, quartic Schur complement or physical cutoff until the multi-sector source is assembled","UVIR-003; PERT-001"
"The Stage-A force regulator and exact Y^(3/2) operator uniquely determine a homogeneous analytic nonlinear completion","UVIR-003 Stage-B force-completion option audit","Rejected as unique; Track A selected","The rest-space Laplacian is the minimal regulator and is now adopted under Track A. Exact Y^(3/2) is retained for a declared local nonzero-gradient force analysis; both audited smoothings modify the deep-IR law","Derive the local nonzero-gradient constraint system; assemble the complete multi-sector J2; re-test weak-field and screening behavior","Present D_mu D^mu psi as the selected Track-A regulator. Do not claim a homogeneous analytic Y^(3/2) vertex, full physical amplitude or cutoff","UVIR-003; PERT-001; SCR-001"
"The Track-A rest-space regulator supplies the homogeneous force-sector ADM constraint source","UVIR-003 Stage-B Track-A force ADM expansion","Derived for the homogeneous zero-gradient force block","The exact ADM expansion through direct quartic order gives J2_deltaN=-a^3 K_Q pi_dot^2/2-gamma(partial^2 pi)^2/(2M_*^2 a), J2_beta=a K_Q partial_i(pi_dot partial_i pi), zero regulator shift source and zero Y^(3/2) J2 at the zero-gradient origin","Assemble with the cubic g+U+Phi+alignment source; convert the shift convolution to the finite-q convention; form the quartic Schur complement; separately reduce the nonzero-gradient exact-Y branch","Present PASS_FORCE_SECTOR_J2_COMPONENT only. Do not call it the complete J2 or a physical amplitude, and retain the non-analytic local-background boundary","UVIR-003; PERT-001; SCR-001"
"The finite-q coefficient linear in constraints fixes an origin-linear component of the second-order source","UVIR-003 Stage-B origin-linear J2 audit","Derived for the homogeneous zero-gradient force branch at q_phys>0; complete-source interpretation superseded","The fixed nonlinear parent action regresses to J1 and gives verified origin-linear J2_N and J2_Sigma plus the algebraic component -J2_origin^T C^(-1)J2_origin/2","Derive S2=partial_z L3[x,z1] including lapse and scalar-shift dressing; form -S2^T C^(-1)S2/2; project physical eigenmodes","Present PASS_ORIGIN_LINEAR_J2_COMPONENT. Do not call J2_origin the complete second-order source or its Schur expression the complete quartic constraint block","UVIR-003; PERT-001; SCR-001"
"The constraint-free physical-field action fixes the direct cubic and quartic contact components","UVIR-003 Stage-B direct contact block audit","Derived for L3[x,0] and L4[x,0] only","The exact parent action gives complete gravity, condensate, alignment and Track-A force x-only blocks; force terms regress to the prior ADM expansion","Derive constraint-dependent cubic and quartic terms; substitute z1=-C^(-1)J1; derive S2=partial_z L3[x,z1]; combine L4[x,z1] with -S2^T C^(-1)S2/2; project physical eigenmodes","Present PASS_X_ONLY_DIRECT_CONTACT_BLOCK. Do not call it the constrained quartic action, physical amplitude or cutoff","UVIR-003; PERT-001"
"The complete second-order constraint source is obtained by evaluating the cubic constraint derivative at the first-order solution","UVIR-003 Stage-B constraint-dressing completeness audit","General identity verified; homogeneous lapse correction derived exactly; full finite-q scalar-shift dressing open","The exact lapse action gives S2_N-J2_N_origin=2*B1*delta_N1+3*V*delta_N1^2 and verifies L4_red=L4[x,z1]-S2^T*C^(-1)*S2/2","Expand the full finite-q cubic ADM action including all lapse and shift powers; evaluate S2 at z1; derive constraint-dressed cubic and quartic vertices","Present PASS_CONSTRAINT_DRESSING_COMPLETENESS_AUDIT. Reclassify the prior Schur result as a provisional origin-linear component; do not infer an amplitude or cutoff","UVIR-003; PERT-001"
"The finite-q soft-curvature scalar-shift channel fixes a nonlinear component of the dressed second-order constraint source","UVIR-003 Stage-B scalar-shift dressing audit","Derived for the gravity/aether channel with one homogeneous curvature leg and q_phys>0","The exact extrinsic-curvature block regresses to the finite-q constraint matrix, gives explicit nonzero corrections to S2_N and S2_Sigma at z1=-C^(-1)J1, and generates L3[x,z1] and L4[x,z1] for the declared channel","Derive the generic non-collinear three-momentum shift kernel; add condensate and Track-A force shift-advection; assemble complete S2 and physical projection","Present PASS_SOFT_CURVATURE_SHIFT_DRESSING_SUBBLOCK. Do not call it complete finite-q S2, a physical amplitude or cutoff; retain the q=0 gauge boundary","UVIR-003; PERT-001"
"The generic three-dimensional gravity/aether cubic constraint density fixes its nonlinear contribution to the dressed second-order source","UVIR-003 Stage-B generic shift-kernel audit","Derived in real space for the finite-q gravity/aether scalar constraint sector","The conformal-ADM tensor expansion separates origin-linear and nonlinear constraint degree, gives lapse and beta functional operators at z1, and regresses exactly to the verified soft-curvature L2, L3 and S2 corrections","Derive condensate and Track-A force shift-advection; assemble complete finite-q S2 and the corrected Schur functional; project physical modes","Present PASS_GENERIC_GRAVITY_AETHER_SHIFT_DRESSING_KERNEL. Do not call it complete multi-sector S2, a physical amplitude or cutoff; retain the q=0 gauge boundary","UVIR-003; PERT-001"
"The complete multi-sector finite-q second-order constraint source is assembled","UVIR-003 Stage-B complete S2 functional audit","Derived on the homogeneous zero-gradient Track-A branch at q_phys>0","The origin-linear source plus generic gravity/aether and condensate nonlinear dressing gives S2=partial_z L3[x,z1]; the Track-A cubic force block is affine in the constraints, and the corrected Schur functional is -S2^T C^(-1)S2/2","Derive complete generic L4[x,z1]; combine it with the corrected Schur functional; project physical scalar modes and compute the gauge-regular amplitude","Present PASS_COMPLETE_FINITE_Q_S2_FUNCTIONAL. Do not call the Schur term the complete quartic action, physical amplitude or cutoff; retain the q=0 gauge boundary","UVIR-003; PERT-001; SCR-001"
"The complete generic quartic contact functional is assembled at the first-order constraints","UVIR-003 Stage-B complete L4 contact audit","Derived on the homogeneous zero-gradient Track-A branch at q_phys>0","The gravity/aether, condensate/alignment and Track-A quartic blocks at z1 regress exactly to the direct x-only and soft-curvature calculations; combined with complete S2 they assemble the reduced quartic functional","Construct the regular physical scalar basis; project cubic and quartic vertices; compute the gauge-regular exchange-plus-contact amplitude and unitarity scale","Present PASS_COMPLETE_GENERIC_L4_X_Z1_CONTACT. Do not call the unprojected functional a physical amplitude or cutoff; retain the q=0 gauge boundary","UVIR-003; PERT-001; SCR-001"
"A regular finite-q physical scalar basis exists for the constrained cosmological action","UVIR-003 Stage-B physical scalar basis audit","Derived for q_phys>0 with a controlled q_phys-to-zero limit","Xi=(q_phys/H)R separates the spatial preferred-time gradient mode while Q_rho and Q_chi are gauge-invariant matter variables; the transformed kinetic matrix is finite and positive over the validated representative domain, and the homogeneous Xi mode is absent","Project the complete cubic and quartic momentum-space kernels leg by leg; assemble the gauge-regular exchange-plus-contact amplitude","Present PASS_REGULAR_FINITE_Q_PHYSICAL_SCALAR_BASIS. Do not treat the homogeneous Xi direction as a propagator or claim a physical amplitude or cutoff before vertex projection","UVIR-003; PERT-001"
"The complete analytic cubic functional has a finite-q physical-basis momentum kernel","UVIR-003 Stage-B cubic momentum-kernel audit","Derived in factorized form for nonzero external momenta","The complete L3[x,z1] functional is polarized over non-collinear legs, mapped to (Xi,Q_rho,Q_chi,Pi), and supplied with exact per-leg lapse and shear resolvers; the exact |grad(pi)|^3 term has no ordinary Taylor kernel at zero gradient","Polarize the reduced quartic functional; define the homogeneous internal-channel rule; assemble the exchange-plus-contact amplitude","Present PASS_FACTORIZED_FINITE_Q_PHYSICAL_CUBIC_KERNEL. Do not set an internal Xi momentum to zero or infer an amplitude or cutoff from this vertex alone","UVIR-003; PERT-001; SCR-001"
"The complete reduced quartic functional has a factorized physical-basis momentum kernel","UVIR-003 Stage-B reduced quartic momentum-kernel audit","Derived for nonzero external momenta and nonzero finite-q Schur channels; exact q0 projector rule defined","The analytic L4[x,z1] contact is polarized over four legs; the complete physical pair source B_ab generates all three Schur pairings. At exact q_K=0 separate projectors remove Sigma and Xi while retaining the lapse constraint and (Q_rho,Q_chi,Pi)","Construct local adiabatic propagators; assemble finite-channel and projected homogeneous exchange; combine with the reduced contact term; apply a declared unitarity criterion","Present PASS_FACTORIZED_FINITE_Q_REDUCED_QUARTIC_KERNEL and the algebraic q0 projector prescription. Do not call the projected rule a completed amplitude, unitarity result, or cutoff","UVIR-003; PERT-001; SCR-001"
"The local physical quadratic propagators support a controlled scattering basis across the representative branch","UVIR-003 Stage-B physical quadratic propagator audit","Held pending time-dependent adiabaticity audit","Finite-q and exact projected q0 inverse kernels are constructed with positive kinetic inertia, nonsingular finite-q constraints, inverse closure and positive residues for sampled real poles. The q_phys/H=100 subset has four real positive-frequency modes at every snapshot, but lower and intermediate momenta develop complex frozen-background pole pairs","Fixed-comoving-momentum WKB expansion; gauge-invariant time-domain transfer matrices; controlled scattering domain","Present HOLD_LOCAL_ADIABATIC_PHYSICAL_QUADRATIC_PROPAGATORS. Do not interpret complex frozen poles as either a proven instability or an adiabatic artifact until the transfer audit; do not assemble a global amplitude or cutoff","UVIR-003; PERT-001"
"The fixed-comoving time-dependent transfer resolves whether the frozen infrared poles are a physical instability","UVIR-003 Stage-B fixed-comoving transfer audit","Held pending mode-resolved attribution","The exact physical second-order system is evolved with converged kinetic-normalized transfer matrices and independently verified against the canonical Hamiltonian form. Frozen-pole exponentiation fails quantitatively, while the initial q_phys/H=0.01 trajectory retains a converged maximum phase-space gain of 1.37708e27. The q_phys/H=100 trajectory is a controlled adiabatic high-q subset","Continuously tracked kinetic-normalized eigenvectors; mode-projected transfer; nearby branch and parameter variations","Present HOLD_TIME_DEPENDENT_INFRARED_TRANSFER_INTERPRETATION. Do not call the full-transfer singular gain a physical instability, gauge artifact, Lyapunov exponent, amplitude, or cutoff until it is assigned to a retained physical mode and shown robust","UVIR-003; PERT-001"
