sector,t,q_over_H,mode,omega,omega_over_scale,residue_denominator,relative_kernel_residual
1.0,0.0,0.01,1.0,3.842034805890063e-05,6.198414963432103e-05,7.684069611780126e-05,1.0899480761111872e-27
1.0,0.0,0.01,2.0,1.985166894441619,3.2027008616769574,2.1794353963691497,5.275282373233245e-19
1.0,0.0,0.01,3.0,1756.7404975800878,2834.1769757978486,131.75573489618418,6.527058827260579e-17
1.0,0.0,0.1,1.0,0.0038420348058902263,0.006198414963432365,0.007684069611780453,7.286593126912103e-24
1.0,0.0,0.1,2.0,1.9874141716177434,3.2063264291637785,2.1804802451877237,1.3826865746540014e-17
1.0,0.0,0.1,3.0,175.70386731854848,283.4658027174944,13.179764898764113,4.629307394618369e-17
1.0,0.0,1.0,1.0,0.38420348058902276,0.6198414963432368,0.7684069611780455,1.6956753514616887e-18
1.0,0.0,1.0,2.0,2.1936095945392267,3.53898473638899,2.237590599535525,1.5444524216021265e-16
1.0,0.0,1.0,3.0,17.876951127322453,28.841165415332416,1.3601717281883319,1.1483235691616221e-17
1.0,0.0,10.0,1.0,5.20944210772274,8.4044745930305,0.9532682809041861,4.5298064876525406e-18
1.0,0.0,10.0,2.0,6.562645237782536,10.587618409704659,1.311796170027725,9.162829098034199e-18
1.0,0.0,10.0,3.0,10.518000817253078,16.968855553079564,2.331032505662161,2.202072172944934e-17
1.0,0.0,10.0,4.0,38.42034805890226,61.98414963432366,76.84069611780453,4.613174274733688e-16
1.0,0.0,100.0,1.0,61.94685613822199,99.93983381828791,120.12402955161642,2.4641536098634025e-20
1.0,0.0,100.0,2.0,70.65301075568095,113.98560950258953,0.9351673759621288,4.488487456617826e-21
1.0,0.0,100.0,3.0,87.99298624427702,141.96046370466132,100.55989153966252,6.677891299570809e-19
1.0,0.0,100.0,4.0,3842.0348058902273,6198.414963432368,7684.069611780455,0.0
0.0,0.0,0.0,1.0,2.366431913239846,3.8178016915625093,2.488642012045659,8.544889164370221e-17
1.0,2.0,0.01,1.0,0.6962307686732446,2.844339128348996,0.5678742258587849,1.624574512630551e-18
1.0,2.0,0.01,2.0,1267.1068325576366,5176.561717474907,95.03210249499551,5.733537025069146e-19
1.0,2.0,0.1,1.0,0.0005991611877118692,0.0024477769255221637,0.0011983223754237385,8.295004606678758e-24
1.0,2.0,0.1,2.0,0.6970063927206882,2.8475078159828913,0.5679376663784615,1.1132087600045357e-17
1.0,2.0,0.1,3.0,126.71847565004347,517.6880063244023,9.50637864476302,7.048987700119136e-17
1.0,2.0,1.0,1.0,0.05991611877118648,0.24477769255221454,0.11983223754237296,1.717100270748936e-19
1.0,2.0,1.0,2.0,0.7688109545117866,3.140853835558517,0.5684015711566073,1.7237980640675237e-16
1.0,2.0,1.0,3.0,12.76207527705605,52.13741147728859,0.9826780927465234,6.463968280894554e-17
1.0,2.0,10.0,1.0,0.9320293738955112,3.807656507329384,0.4658121475822343,3.2799825578263435e-17
1.0,2.0,10.0,2.0,2.6497275796959756,10.825037004263576,0.24553247057834382,1.825052496430625e-17
1.0,2.0,10.0,3.0,3.770953693713424,15.405626445755573,1.718040969353134,1.8251318247332356e-16
1.0,2.0,10.0,4.0,5.991611877118653,24.477769255221475,11.983223754237306,6.233866296510042e-16
1.0,2.0,100.0,1.0,23.892300145765287,97.60815986394968,27.869277175767802,7.618114377678932e-19
1.0,2.0,100.0,2.0,26.247370565448644,107.22942230468858,12.34763585631955,5.248014184849212e-19
1.0,2.0,100.0,3.0,27.99747137179897,114.37917842871529,0.3785146409288875,1.7920942311664193e-20
1.0,2.0,100.0,4.0,599.1611877118651,2447.7769255221465,1198.3223754237301,2.307998019585747e-16
0.0,2.0,0.0,1.0,1.5444195475407092,6.309478332921462,2.424641717156784,1.0752625652163707e-16
1.0,4.0,0.01,1.0,0.10339983988528188,0.7823017348087165,0.31183749585536324,1.5951095540496656e-20
1.0,4.0,0.01,2.0,1.3926127090622225,10.536218812570098,2.064769845655594,5.036359389857214e-19
1.0,4.0,0.1,1.0,0.00017469929237197798,0.0013217385988612835,0.00034939858474395595,1.0784718610995577e-24
1.0,4.0,0.1,2.0,0.10399097033362226,0.7867741051310303,0.3136212185149389,4.675175189258087e-19
1.0,4.0,0.1,3.0,1.3926109074011679,10.536205181576374,2.0630240721481474,1.2570173018860605e-17
1.0,4.0,1.0,1.0,0.0174699292371977,0.13217385988612762,0.0349398584743954,3.1201827392042093e-20
1.0,4.0,1.0,2.0,0.1517812719514021,1.1483456114708832,0.45759765597941204,2.862760392209881e-17
1.0,4.0,1.0,3.0,1.3929473674141652,10.538750768224803,1.920929888495166,1.2806540085004609e-15
1.0,4.0,10.0,1.0,1.1380082247181011,8.609934110258523,3.000942000231163,1.4226502691812887e-15
1.0,4.0,10.0,2.0,1.7469929237197699,13.217385988612762,3.4939858474395398,3.809338962962791e-16
1.0,4.0,10.0,3.0,1.9922476581691637,15.0729324231399,3.0911303475398704,3.3317363494829124e-16
1.0,4.0,100.0,1.0,13.024113455806766,98.53774011765633,16.22939558364197,4.229053366652181e-18
1.0,4.0,100.0,2.0,14.034799082118038,106.18437786571039,15.766319388514352,2.3430689247558576e-18
1.0,4.0,100.0,3.0,15.059538448745958,113.9373432970806,0.20016742637179435,1.138810709843635e-19
1.0,4.0,100.0,4.0,174.6992923719771,1321.7385988612768,349.3985847439542,4.244067748319043e-16
0.0,4.0,0.0,1.0,0.99729390949942,7.545318797216206,0.8715870653508038,6.305249127928456e-16
1.0,6.0,0.01,1.0,1299.2864596049499,14221.455046606823,97.43761042652606,6.543936752449119e-17
1.0,6.0,0.1,1.0,8.346833671255027e-05,0.000913610073896635,0.00016693667342510053,2.2521416524637564e-24
1.0,6.0,0.1,2.0,129.98731453472755,1422.7876667373582,9.758735923201975,1.8072924652133046e-17
1.0,6.0,1.0,1.0,0.008346833671255958,0.0913610073896737,0.016693667342511917,5.42107498844133e-20
1.0,6.0,1.0,2.0,13.61166424215616,148.9876768116147,1.1146535194721645,6.174449960136925e-17
1.0,6.0,10.0,1.0,0.8346833671255905,9.136100738967313,1.669366734251181,3.609391770089588e-17
1.0,6.0,10.0,2.0,0.8897036976581156,9.738330641028837,0.09397770140782008,1.1236819246798647e-16
1.0,6.0,10.0,3.0,3.733111251007929,40.86109991197292,1.2848898442346681,1.4406316000943082e-16
1.0,6.0,100.0,1.0,7.536098287826997,82.48703142779522,13.039569277487281,1.5953426751835842e-17
1.0,6.0,100.0,2.0,10.42092638175499,114.06317289505839,0.14320243687672168,2.1567514269123314e-19
1.0,6.0,100.0,3.0,10.99008415602046,120.29293973462373,3.05000356145395,1.323357973927331e-18
1.0,6.0,100.0,4.0,83.46833671255912,913.6100738967319,166.93667342511824,1.2196346219102831e-15
0.0,6.0,0.0,1.0,2.7352033313799615,29.938410373626553,3.328642371392882,2.8801142715568545e-16
1.0,8.0,0.01,1.0,644.2493825043002,8432.002155334976,48.3127807140765,2.413444595397785e-18
1.0,8.0,0.1,1.0,5.837764942801568e-05,0.0007640526776867065,0.00011675529885603136,5.086244524827015e-24
1.0,8.0,0.1,2.0,64.44673138164562,843.4854462754613,4.837839559409986,6.189955371777838e-18
1.0,8.0,1.0,1.0,0.005837764942800884,0.0764052677686617,0.011675529885601768,2.847479266824005e-20
1.0,8.0,1.0,2.0,6.69274405740826,87.59532232348724,0.5444613305657123,2.618838492958377e-17
1.0,8.0,10.0,1.0,0.5837764942800875,7.640526776866158,1.167552988560175,5.991600042994988e-17
1.0,8.0,10.0,2.0,0.6561576228449306,8.58785842923334,0.08582217456486771,3.766493185503294e-17
1.0,8.0,10.0,3.0,1.9083519726808258,24.97670682156233,0.6392287725785073,2.8191329741325713e-16
1.0,8.0,100.0,1.0,7.038137479581401,92.11586694377333,7.130679150234256,2.2120594340406462e-17
1.0,8.0,100.0,2.0,8.342693648845385,109.19003221224531,2.2942398645869204,4.343263611408055e-19
1.0,8.0,100.0,3.0,8.731682557755798,114.2811590451253,0.12074083602518591,5.411174998954555e-19
1.0,8.0,100.0,4.0,58.37764942800872,764.0526776866154,116.75529885601745,3.85231110812695e-16
0.0,8.0,0.0,1.0,1.2069506200262983,15.79669380494393,1.4870306280657613,2.6974994848612574e-16
