k_Q,C_IR,direction,q_cross_over_a0,q_over_a0,R_c,causal_Rc_le_1
0.25,0.5,parallel,0.125,0.1,0.8,True
0.25,0.5,parallel,0.125,0.3,2.4,False
0.25,0.5,parallel,0.125,0.5,4.0,False
0.25,0.5,parallel,0.125,0.75,6.0,False
0.25,0.5,parallel,0.125,1.0,8.0,False
0.25,0.5,parallel,0.125,1.5,12.0,False
0.25,0.5,parallel,0.125,2.0,16.0,False
0.25,0.5,parallel,0.125,3.0,24.0,False
0.25,0.5,perp,0.25,0.1,0.4,True
0.25,0.5,perp,0.25,0.3,1.2,False
0.25,0.5,perp,0.25,0.5,2.0,False
0.25,0.5,perp,0.25,0.75,3.0,False
0.25,0.5,perp,0.25,1.0,4.0,False
0.25,0.5,perp,0.25,1.5,6.0,False
0.25,0.5,perp,0.25,2.0,8.0,False
0.25,0.5,perp,0.25,3.0,12.0,False
0.25,0.6666666666666666,parallel,0.09375,0.1,1.0666666666666667,False
0.25,0.6666666666666666,parallel,0.09375,0.3,3.1999999999999997,False
0.25,0.6666666666666666,parallel,0.09375,0.5,5.333333333333333,False
0.25,0.6666666666666666,parallel,0.09375,0.75,8.0,False
0.25,0.6666666666666666,parallel,0.09375,1.0,10.666666666666666,False
0.25,0.6666666666666666,parallel,0.09375,1.5,16.0,False
0.25,0.6666666666666666,parallel,0.09375,2.0,21.333333333333332,False
0.25,0.6666666666666666,parallel,0.09375,3.0,32.0,False
0.25,0.6666666666666666,perp,0.1875,0.1,0.5333333333333333,True
0.25,0.6666666666666666,perp,0.1875,0.3,1.5999999999999999,False
0.25,0.6666666666666666,perp,0.1875,0.5,2.6666666666666665,False
0.25,0.6666666666666666,perp,0.1875,0.75,4.0,False
0.25,0.6666666666666666,perp,0.1875,1.0,5.333333333333333,False
0.25,0.6666666666666666,perp,0.1875,1.5,8.0,False
0.25,0.6666666666666666,perp,0.1875,2.0,10.666666666666666,False
0.25,0.6666666666666666,perp,0.1875,3.0,16.0,False
0.25,1.0,parallel,0.0625,0.1,1.6,False
0.25,1.0,parallel,0.0625,0.3,4.8,False
0.25,1.0,parallel,0.0625,0.5,8.0,False
0.25,1.0,parallel,0.0625,0.75,12.0,False
0.25,1.0,parallel,0.0625,1.0,16.0,False
0.25,1.0,parallel,0.0625,1.5,24.0,False
0.25,1.0,parallel,0.0625,2.0,32.0,False
0.25,1.0,parallel,0.0625,3.0,48.0,False
0.25,1.0,perp,0.125,0.1,0.8,True
0.25,1.0,perp,0.125,0.3,2.4,False
0.25,1.0,perp,0.125,0.5,4.0,False
0.25,1.0,perp,0.125,0.75,6.0,False
0.25,1.0,perp,0.125,1.0,8.0,False
0.25,1.0,perp,0.125,1.5,12.0,False
0.25,1.0,perp,0.125,2.0,16.0,False
0.25,1.0,perp,0.125,3.0,24.0,False
0.25,1.5,parallel,0.041666666666666664,0.1,2.4000000000000004,False
0.25,1.5,parallel,0.041666666666666664,0.3,7.199999999999999,False
0.25,1.5,parallel,0.041666666666666664,0.5,12.0,False
0.25,1.5,parallel,0.041666666666666664,0.75,18.0,False
0.25,1.5,parallel,0.041666666666666664,1.0,24.0,False
0.25,1.5,parallel,0.041666666666666664,1.5,36.0,False
0.25,1.5,parallel,0.041666666666666664,2.0,48.0,False
0.25,1.5,parallel,0.041666666666666664,3.0,72.0,False
0.25,1.5,perp,0.08333333333333333,0.1,1.2000000000000002,False
0.25,1.5,perp,0.08333333333333333,0.3,3.5999999999999996,False
0.25,1.5,perp,0.08333333333333333,0.5,6.0,False
0.25,1.5,perp,0.08333333333333333,0.75,9.0,False
0.25,1.5,perp,0.08333333333333333,1.0,12.0,False
0.25,1.5,perp,0.08333333333333333,1.5,18.0,False
0.25,1.5,perp,0.08333333333333333,2.0,24.0,False
0.25,1.5,perp,0.08333333333333333,3.0,36.0,False
0.5,0.5,parallel,0.25,0.1,0.4,True
0.5,0.5,parallel,0.25,0.3,1.2,False
0.5,0.5,parallel,0.25,0.5,2.0,False
0.5,0.5,parallel,0.25,0.75,3.0,False
0.5,0.5,parallel,0.25,1.0,4.0,False
0.5,0.5,parallel,0.25,1.5,6.0,False
0.5,0.5,parallel,0.25,2.0,8.0,False
0.5,0.5,parallel,0.25,3.0,12.0,False
0.5,0.5,perp,0.5,0.1,0.2,True
0.5,0.5,perp,0.5,0.3,0.6,True
0.5,0.5,perp,0.5,0.5,1.0,True
0.5,0.5,perp,0.5,0.75,1.5,False
0.5,0.5,perp,0.5,1.0,2.0,False
0.5,0.5,perp,0.5,1.5,3.0,False
0.5,0.5,perp,0.5,2.0,4.0,False
0.5,0.5,perp,0.5,3.0,6.0,False
0.5,0.6666666666666666,parallel,0.1875,0.1,0.5333333333333333,True
0.5,0.6666666666666666,parallel,0.1875,0.3,1.5999999999999999,False
0.5,0.6666666666666666,parallel,0.1875,0.5,2.6666666666666665,False
0.5,0.6666666666666666,parallel,0.1875,0.75,4.0,False
0.5,0.6666666666666666,parallel,0.1875,1.0,5.333333333333333,False
0.5,0.6666666666666666,parallel,0.1875,1.5,8.0,False
0.5,0.6666666666666666,parallel,0.1875,2.0,10.666666666666666,False
0.5,0.6666666666666666,parallel,0.1875,3.0,16.0,False
0.5,0.6666666666666666,perp,0.375,0.1,0.26666666666666666,True
0.5,0.6666666666666666,perp,0.375,0.3,0.7999999999999999,True
0.5,0.6666666666666666,perp,0.375,0.5,1.3333333333333333,False
0.5,0.6666666666666666,perp,0.375,0.75,2.0,False
0.5,0.6666666666666666,perp,0.375,1.0,2.6666666666666665,False
0.5,0.6666666666666666,perp,0.375,1.5,4.0,False
0.5,0.6666666666666666,perp,0.375,2.0,5.333333333333333,False
0.5,0.6666666666666666,perp,0.375,3.0,8.0,False
0.5,1.0,parallel,0.125,0.1,0.8,True
0.5,1.0,parallel,0.125,0.3,2.4,False
0.5,1.0,parallel,0.125,0.5,4.0,False
0.5,1.0,parallel,0.125,0.75,6.0,False
0.5,1.0,parallel,0.125,1.0,8.0,False
0.5,1.0,parallel,0.125,1.5,12.0,False
0.5,1.0,parallel,0.125,2.0,16.0,False
0.5,1.0,parallel,0.125,3.0,24.0,False
0.5,1.0,perp,0.25,0.1,0.4,True
0.5,1.0,perp,0.25,0.3,1.2,False
0.5,1.0,perp,0.25,0.5,2.0,False
0.5,1.0,perp,0.25,0.75,3.0,False
0.5,1.0,perp,0.25,1.0,4.0,False
0.5,1.0,perp,0.25,1.5,6.0,False
0.5,1.0,perp,0.25,2.0,8.0,False
0.5,1.0,perp,0.25,3.0,12.0,False
0.5,1.5,parallel,0.08333333333333333,0.1,1.2000000000000002,False
0.5,1.5,parallel,0.08333333333333333,0.3,3.5999999999999996,False
0.5,1.5,parallel,0.08333333333333333,0.5,6.0,False
0.5,1.5,parallel,0.08333333333333333,0.75,9.0,False
0.5,1.5,parallel,0.08333333333333333,1.0,12.0,False
0.5,1.5,parallel,0.08333333333333333,1.5,18.0,False
0.5,1.5,parallel,0.08333333333333333,2.0,24.0,False
0.5,1.5,parallel,0.08333333333333333,3.0,36.0,False
0.5,1.5,perp,0.16666666666666666,0.1,0.6000000000000001,True
0.5,1.5,perp,0.16666666666666666,0.3,1.7999999999999998,False
0.5,1.5,perp,0.16666666666666666,0.5,3.0,False
0.5,1.5,perp,0.16666666666666666,0.75,4.5,False
0.5,1.5,perp,0.16666666666666666,1.0,6.0,False
0.5,1.5,perp,0.16666666666666666,1.5,9.0,False
0.5,1.5,perp,0.16666666666666666,2.0,12.0,False
0.5,1.5,perp,0.16666666666666666,3.0,18.0,False
1.0,0.5,parallel,0.5,0.1,0.2,True
1.0,0.5,parallel,0.5,0.3,0.6,True
1.0,0.5,parallel,0.5,0.5,1.0,True
1.0,0.5,parallel,0.5,0.75,1.5,False
1.0,0.5,parallel,0.5,1.0,2.0,False
1.0,0.5,parallel,0.5,1.5,3.0,False
1.0,0.5,parallel,0.5,2.0,4.0,False
1.0,0.5,parallel,0.5,3.0,6.0,False
1.0,0.5,perp,1.0,0.1,0.1,True
1.0,0.5,perp,1.0,0.3,0.3,True
1.0,0.5,perp,1.0,0.5,0.5,True
1.0,0.5,perp,1.0,0.75,0.75,True
1.0,0.5,perp,1.0,1.0,1.0,True
1.0,0.5,perp,1.0,1.5,1.5,False
1.0,0.5,perp,1.0,2.0,2.0,False
1.0,0.5,perp,1.0,3.0,3.0,False
1.0,0.6666666666666666,parallel,0.375,0.1,0.26666666666666666,True
1.0,0.6666666666666666,parallel,0.375,0.3,0.7999999999999999,True
1.0,0.6666666666666666,parallel,0.375,0.5,1.3333333333333333,False
1.0,0.6666666666666666,parallel,0.375,0.75,2.0,False
1.0,0.6666666666666666,parallel,0.375,1.0,2.6666666666666665,False
1.0,0.6666666666666666,parallel,0.375,1.5,4.0,False
1.0,0.6666666666666666,parallel,0.375,2.0,5.333333333333333,False
1.0,0.6666666666666666,parallel,0.375,3.0,8.0,False
1.0,0.6666666666666666,perp,0.75,0.1,0.13333333333333333,True
1.0,0.6666666666666666,perp,0.75,0.3,0.39999999999999997,True
1.0,0.6666666666666666,perp,0.75,0.5,0.6666666666666666,True
1.0,0.6666666666666666,perp,0.75,0.75,1.0,True
1.0,0.6666666666666666,perp,0.75,1.0,1.3333333333333333,False
1.0,0.6666666666666666,perp,0.75,1.5,2.0,False
1.0,0.6666666666666666,perp,0.75,2.0,2.6666666666666665,False
1.0,0.6666666666666666,perp,0.75,3.0,4.0,False
1.0,1.0,parallel,0.25,0.1,0.4,True
1.0,1.0,parallel,0.25,0.3,1.2,False
1.0,1.0,parallel,0.25,0.5,2.0,False
1.0,1.0,parallel,0.25,0.75,3.0,False
1.0,1.0,parallel,0.25,1.0,4.0,False
1.0,1.0,parallel,0.25,1.5,6.0,False
1.0,1.0,parallel,0.25,2.0,8.0,False
1.0,1.0,parallel,0.25,3.0,12.0,False
1.0,1.0,perp,0.5,0.1,0.2,True
1.0,1.0,perp,0.5,0.3,0.6,True
1.0,1.0,perp,0.5,0.5,1.0,True
1.0,1.0,perp,0.5,0.75,1.5,False
1.0,1.0,perp,0.5,1.0,2.0,False
1.0,1.0,perp,0.5,1.5,3.0,False
1.0,1.0,perp,0.5,2.0,4.0,False
1.0,1.0,perp,0.5,3.0,6.0,False
1.0,1.5,parallel,0.16666666666666666,0.1,0.6000000000000001,True
1.0,1.5,parallel,0.16666666666666666,0.3,1.7999999999999998,False
1.0,1.5,parallel,0.16666666666666666,0.5,3.0,False
1.0,1.5,parallel,0.16666666666666666,0.75,4.5,False
1.0,1.5,parallel,0.16666666666666666,1.0,6.0,False
1.0,1.5,parallel,0.16666666666666666,1.5,9.0,False
1.0,1.5,parallel,0.16666666666666666,2.0,12.0,False
1.0,1.5,parallel,0.16666666666666666,3.0,18.0,False
1.0,1.5,perp,0.3333333333333333,0.1,0.30000000000000004,True
1.0,1.5,perp,0.3333333333333333,0.3,0.8999999999999999,True
1.0,1.5,perp,0.3333333333333333,0.5,1.5,False
1.0,1.5,perp,0.3333333333333333,0.75,2.25,False
1.0,1.5,perp,0.3333333333333333,1.0,3.0,False
1.0,1.5,perp,0.3333333333333333,1.5,4.5,False
1.0,1.5,perp,0.3333333333333333,2.0,6.0,False
1.0,1.5,perp,0.3333333333333333,3.0,9.0,False
2.0,0.5,parallel,1.0,0.1,0.1,True
2.0,0.5,parallel,1.0,0.3,0.3,True
2.0,0.5,parallel,1.0,0.5,0.5,True
2.0,0.5,parallel,1.0,0.75,0.75,True
2.0,0.5,parallel,1.0,1.0,1.0,True
2.0,0.5,parallel,1.0,1.5,1.5,False
2.0,0.5,parallel,1.0,2.0,2.0,False
2.0,0.5,parallel,1.0,3.0,3.0,False
2.0,0.5,perp,2.0,0.1,0.05,True
2.0,0.5,perp,2.0,0.3,0.15,True
2.0,0.5,perp,2.0,0.5,0.25,True
2.0,0.5,perp,2.0,0.75,0.375,True
2.0,0.5,perp,2.0,1.0,0.5,True
2.0,0.5,perp,2.0,1.5,0.75,True
2.0,0.5,perp,2.0,2.0,1.0,True
2.0,0.5,perp,2.0,3.0,1.5,False
2.0,0.6666666666666666,parallel,0.75,0.1,0.13333333333333333,True
2.0,0.6666666666666666,parallel,0.75,0.3,0.39999999999999997,True
2.0,0.6666666666666666,parallel,0.75,0.5,0.6666666666666666,True
2.0,0.6666666666666666,parallel,0.75,0.75,1.0,True
2.0,0.6666666666666666,parallel,0.75,1.0,1.3333333333333333,False
2.0,0.6666666666666666,parallel,0.75,1.5,2.0,False
2.0,0.6666666666666666,parallel,0.75,2.0,2.6666666666666665,False
2.0,0.6666666666666666,parallel,0.75,3.0,4.0,False
2.0,0.6666666666666666,perp,1.5,0.1,0.06666666666666667,True
2.0,0.6666666666666666,perp,1.5,0.3,0.19999999999999998,True
2.0,0.6666666666666666,perp,1.5,0.5,0.3333333333333333,True
2.0,0.6666666666666666,perp,1.5,0.75,0.5,True
2.0,0.6666666666666666,perp,1.5,1.0,0.6666666666666666,True
2.0,0.6666666666666666,perp,1.5,1.5,1.0,True
2.0,0.6666666666666666,perp,1.5,2.0,1.3333333333333333,False
2.0,0.6666666666666666,perp,1.5,3.0,2.0,False
2.0,1.0,parallel,0.5,0.1,0.2,True
2.0,1.0,parallel,0.5,0.3,0.6,True
2.0,1.0,parallel,0.5,0.5,1.0,True
2.0,1.0,parallel,0.5,0.75,1.5,False
2.0,1.0,parallel,0.5,1.0,2.0,False
2.0,1.0,parallel,0.5,1.5,3.0,False
2.0,1.0,parallel,0.5,2.0,4.0,False
2.0,1.0,parallel,0.5,3.0,6.0,False
2.0,1.0,perp,1.0,0.1,0.1,True
2.0,1.0,perp,1.0,0.3,0.3,True
2.0,1.0,perp,1.0,0.5,0.5,True
2.0,1.0,perp,1.0,0.75,0.75,True
2.0,1.0,perp,1.0,1.0,1.0,True
2.0,1.0,perp,1.0,1.5,1.5,False
2.0,1.0,perp,1.0,2.0,2.0,False
2.0,1.0,perp,1.0,3.0,3.0,False
2.0,1.5,parallel,0.3333333333333333,0.1,0.30000000000000004,True
2.0,1.5,parallel,0.3333333333333333,0.3,0.8999999999999999,True
2.0,1.5,parallel,0.3333333333333333,0.5,1.5,False
2.0,1.5,parallel,0.3333333333333333,0.75,2.25,False
2.0,1.5,parallel,0.3333333333333333,1.0,3.0,False
2.0,1.5,parallel,0.3333333333333333,1.5,4.5,False
2.0,1.5,parallel,0.3333333333333333,2.0,6.0,False
2.0,1.5,parallel,0.3333333333333333,3.0,9.0,False
2.0,1.5,perp,0.6666666666666666,0.1,0.15000000000000002,True
2.0,1.5,perp,0.6666666666666666,0.3,0.44999999999999996,True
2.0,1.5,perp,0.6666666666666666,0.5,0.75,True
2.0,1.5,perp,0.6666666666666666,0.75,1.125,False
2.0,1.5,perp,0.6666666666666666,1.0,1.5,False
2.0,1.5,perp,0.6666666666666666,1.5,2.25,False
2.0,1.5,perp,0.6666666666666666,2.0,3.0,False
2.0,1.5,perp,0.6666666666666666,3.0,4.5,False
4.0,0.5,parallel,2.0,0.1,0.05,True
4.0,0.5,parallel,2.0,0.3,0.15,True
4.0,0.5,parallel,2.0,0.5,0.25,True
4.0,0.5,parallel,2.0,0.75,0.375,True
4.0,0.5,parallel,2.0,1.0,0.5,True
4.0,0.5,parallel,2.0,1.5,0.75,True
4.0,0.5,parallel,2.0,2.0,1.0,True
4.0,0.5,parallel,2.0,3.0,1.5,False
4.0,0.5,perp,4.0,0.1,0.025,True
4.0,0.5,perp,4.0,0.3,0.075,True
4.0,0.5,perp,4.0,0.5,0.125,True
4.0,0.5,perp,4.0,0.75,0.1875,True
4.0,0.5,perp,4.0,1.0,0.25,True
4.0,0.5,perp,4.0,1.5,0.375,True
4.0,0.5,perp,4.0,2.0,0.5,True
4.0,0.5,perp,4.0,3.0,0.75,True
4.0,0.6666666666666666,parallel,1.5,0.1,0.06666666666666667,True
4.0,0.6666666666666666,parallel,1.5,0.3,0.19999999999999998,True
4.0,0.6666666666666666,parallel,1.5,0.5,0.3333333333333333,True
4.0,0.6666666666666666,parallel,1.5,0.75,0.5,True
4.0,0.6666666666666666,parallel,1.5,1.0,0.6666666666666666,True
4.0,0.6666666666666666,parallel,1.5,1.5,1.0,True
4.0,0.6666666666666666,parallel,1.5,2.0,1.3333333333333333,False
4.0,0.6666666666666666,parallel,1.5,3.0,2.0,False
4.0,0.6666666666666666,perp,3.0,0.1,0.03333333333333333,True
4.0,0.6666666666666666,perp,3.0,0.3,0.09999999999999999,True
4.0,0.6666666666666666,perp,3.0,0.5,0.16666666666666666,True
4.0,0.6666666666666666,perp,3.0,0.75,0.25,True
4.0,0.6666666666666666,perp,3.0,1.0,0.3333333333333333,True
4.0,0.6666666666666666,perp,3.0,1.5,0.5,True
4.0,0.6666666666666666,perp,3.0,2.0,0.6666666666666666,True
4.0,0.6666666666666666,perp,3.0,3.0,1.0,True
4.0,1.0,parallel,1.0,0.1,0.1,True
4.0,1.0,parallel,1.0,0.3,0.3,True
4.0,1.0,parallel,1.0,0.5,0.5,True
4.0,1.0,parallel,1.0,0.75,0.75,True
4.0,1.0,parallel,1.0,1.0,1.0,True
4.0,1.0,parallel,1.0,1.5,1.5,False
4.0,1.0,parallel,1.0,2.0,2.0,False
4.0,1.0,parallel,1.0,3.0,3.0,False
4.0,1.0,perp,2.0,0.1,0.05,True
4.0,1.0,perp,2.0,0.3,0.15,True
4.0,1.0,perp,2.0,0.5,0.25,True
4.0,1.0,perp,2.0,0.75,0.375,True
4.0,1.0,perp,2.0,1.0,0.5,True
4.0,1.0,perp,2.0,1.5,0.75,True
4.0,1.0,perp,2.0,2.0,1.0,True
4.0,1.0,perp,2.0,3.0,1.5,False
4.0,1.5,parallel,0.6666666666666666,0.1,0.15000000000000002,True
4.0,1.5,parallel,0.6666666666666666,0.3,0.44999999999999996,True
4.0,1.5,parallel,0.6666666666666666,0.5,0.75,True
4.0,1.5,parallel,0.6666666666666666,0.75,1.125,False
4.0,1.5,parallel,0.6666666666666666,1.0,1.5,False
4.0,1.5,parallel,0.6666666666666666,1.5,2.25,False
4.0,1.5,parallel,0.6666666666666666,2.0,3.0,False
4.0,1.5,parallel,0.6666666666666666,3.0,4.5,False
4.0,1.5,perp,1.3333333333333333,0.1,0.07500000000000001,True
4.0,1.5,perp,1.3333333333333333,0.3,0.22499999999999998,True
4.0,1.5,perp,1.3333333333333333,0.5,0.375,True
4.0,1.5,perp,1.3333333333333333,0.75,0.5625,True
4.0,1.5,perp,1.3333333333333333,1.0,0.75,True
4.0,1.5,perp,1.3333333333333333,1.5,1.125,False
4.0,1.5,perp,1.3333333333333333,2.0,1.5,False
4.0,1.5,perp,1.3333333333333333,3.0,2.25,False
