initial_q_over_H,channel_q_over_H,left_mode,right_mode,external_frequency_closure_over_H,analytic_quartic_contact_real,constraint_schur_sum_real,reduced_quartic_contact_real,physical_exchange_sum_real,combined_kernel_real,combined_kernel_abs,total_imaginary_fraction,cancellation_ratio,maximum_pair_source_swap_relative_error,species_permutation_relative_error
47.5,54.84827557301445,physical_pair_1,physical_pair_1,0.0,0.1524420398317834,-8.245680771034626,-8.093238731202844,9.808821462522198,1.7155827313193548,1.7155827313193548,4.513964161440874e-18,0.07250242859862648,7.393438559581002e-18,0.0
47.5,54.84827557301445,physical_pair_1,physical_pair_2,0.0,15.212637905531475,66.92273655022778,82.13537445575926,-85.02985584573824,-2.894481389978978,2.894481389978978,8.638274570393034e-17,0.014886321493364295,1.553000150866671e-16,4.9172421575974955e-15
47.5,54.84827557301445,physical_pair_1,physical_pair_3,0.0,1.3786018967210991,-2.84343470168072,-1.4648328049596209,2.6093268550206608,1.1444940500610399,1.1444940500610399,8.717195320848467e-18,0.10154607077869228,1.9088716818756217e-16,9.744691530322622e-16
47.5,54.84827557301445,physical_pair_2,physical_pair_2,0.0,-495.71786734341407,419.30452022993995,-76.41334711347412,23.00760520363019,-53.405741909843925,53.405741909843925,1.0946688745906411e-16,0.006701164356246987,5.986912485956797e-16,0.0
47.5,54.84827557301445,physical_pair_2,physical_pair_3,0.0,-20.50282616982434,161.9929726046052,141.49014643478085,-162.12287211635015,-20.632725681569298,20.632725681569298,4.303560117855516e-17,0.034146242465556954,5.986912485956797e-16,4.189288382011542e-15
47.5,54.84827557301445,physical_pair_3,physical_pair_3,0.0,8.206382069614838,20.17202734665331,28.37840941626815,-29.189813728305282,-0.8114043120371335,0.8114043120371335,2.5684863632363217e-17,0.0107294984929234,5.220388397289588e-18,0.0
50.0,57.73502691896258,physical_pair_1,physical_pair_1,0.0,0.12354951783267219,-8.703744706621528,-8.580195188788856,10.30773012658851,1.7275349377996534,1.7275349377996534,5.556919624141015e-17,0.0692756344705922,1.7030912828510488e-17,0.0
50.0,57.73502691896258,physical_pair_1,physical_pair_2,0.0,15.594935630808598,70.00268923823776,85.59762486904636,-88.42940420268206,-2.8317793336357084,2.8317793336357084,1.0889946202807279e-16,0.014205518265465816,1.1895729553479317e-16,5.037735187252301e-15
50.0,57.73502691896258,physical_pair_1,physical_pair_3,0.0,1.2715002673254654,-3.367453927351709,-2.0959536600262436,3.2498587576028752,1.1539050975766316,1.1539050975766316,1.602497929142638e-17,0.09764494993323804,2.001846387388562e-16,1.195381029124942e-15
50.0,57.73502691896258,physical_pair_2,physical_pair_2,0.0,-502.1560232011839,437.6557083767558,-64.50031482442813,10.069913455870164,-54.430401368557966,54.430401368557966,1.2725461798607208e-16,0.006518512348685432,1.8240011048111938e-16,0.0
50.0,57.73502691896258,physical_pair_2,physical_pair_3,0.0,-17.14899746465979,162.81965959476787,145.67066213010807,-165.631534367203,-19.960872237094918,19.960872237094918,9.7051758018467e-17,0.033459591006133986,1.8240011048111938e-16,2.977346636849026e-15
50.0,57.73502691896258,physical_pair_3,physical_pair_3,0.0,7.763227836443073,16.961948048711875,24.725175885154947,-25.24805897227023,-0.5228830871152823,0.5228830871152823,1.3571927210695841e-17,0.007224261878936941,1.4657952710438662e-16,0.0
75.0,86.60254037844388,physical_pair_1,physical_pair_1,0.0,0.023951711137956185,-11.5739212446706,-11.549969533532645,13.323314562532797,1.7733450290001525,1.7733450290001525,6.186270141476233e-17,0.05365070322350928,1.2122853218489018e-17,0.0
75.0,86.60254037844388,physical_pair_1,physical_pair_2,0.0,17.13636534462182,91.38753303609111,108.52389838071294,-111.02747038173067,-2.50357200101773,2.50357200101773,7.595465419633292e-17,0.010556044177165746,9.687941747070989e-17,1.7030423185798497e-14
75.0,86.60254037844388,physical_pair_1,physical_pair_3,0.0,0.5840389115240866,-7.109732367560794,-6.5256934560367075,7.720374362953571,1.1946809069168633,1.1946809069168633,7.69343051523011e-17,0.06837664730445683,7.857868817163567e-17,7.464661582030654e-16
75.0,86.60254037844388,physical_pair_2,physical_pair_2,0.0,-539.314236529117,567.2786365670986,27.96440003798159,-88.11827325913237,-60.153873221150775,60.153873221150775,9.348391515867311e-17,0.005458835953452761,2.4527363184629333e-16,0.0
75.0,86.60254037844388,physical_pair_2,physical_pair_3,0.0,3.1704687987681854,167.13213044330334,170.30259924207152,-185.4831580531725,-15.18055881110098,15.18055881110098,1.5508386364269405e-16,0.028776195482536477,2.4527363184629333e-16,1.131083704634199e-14
75.0,86.60254037844388,physical_pair_3,physical_pair_3,0.0,4.460590534819093,-5.259492537612362,-0.7989020027932687,1.8079794422239104,1.0090774394306417,1.0090774394306417,1.925623641250893e-16,0.01616253821432649,6.535536156739471e-17,0.0
100.0,115.47005383792516,physical_pair_1,physical_pair_1,0.0,0.007741797162476133,-12.89292223577661,-12.885180438614134,14.67026510723365,1.7850846686195165,1.7850846686195165,3.1771901603200353e-17,0.04850949783858524,1.8072590553452592e-17,0.0
100.0,115.47005383792516,physical_pair_1,physical_pair_2,0.0,17.523407753030476,102.15778573955674,119.68119349258723,-122.05934314378595,-2.3781496511987257,2.3781496511987257,7.031965879869974e-17,0.009223896126382407,1.4491155386819674e-16,3.579916366052112e-16
100.0,115.47005383792516,physical_pair_1,physical_pair_3,0.0,0.2929122334130273,-9.095215154648416,-8.80230292123539,10.009165787716015,1.2068628664806251,1.2068628664806251,1.1818859648558136e-17,0.05758840104940082,2.6606743906945343e-16,1.47193921354412e-15
100.0,115.47005383792516,physical_pair_2,physical_pair_2,0.0,-554.4071921626511,633.7912838293,79.38409166664894,-141.5514708163505,-62.16737914970156,62.16737914970156,4.5563208259855226e-17,0.0050209249669048535,5.2605876533888923e-17,0.0
100.0,115.47005383792516,physical_pair_2,physical_pair_3,0.0,11.789649739724915,168.53603100244356,180.3256807421685,-193.04952826886202,-12.723847526693532,12.723847526693532,4.621757740027808e-17,0.025705466345569788,1.9303262162957194e-16,5.0310064438602785e-15
100.0,115.47005383792516,physical_pair_3,physical_pair_3,0.0,2.7638677089356065,-16.404479103926583,-13.640611394990977,15.17256576212934,1.531954367138363,1.531954367138363,6.453713924616808e-17,0.023608729856538307,1.2057416863484466e-18,0.0
